segment,variant,sample,customer_id,elapsed_ms,rows,sha256
1,baseline,0,1,64.85432300000002,50,ec01fc577ae7a041b31129e8906d14fdc83fb07a4357c71bb1e59330969a1494
1,baseline,1,2,23.073569000000134,50,1faf2af7fc402fba2dc10d5da80b6b9ce8fb78c66d85080ba647faf4ab4bd40e
1,baseline,2,42,24.290426000000025,50,6bbf664f5956ced144b54e947a9e954fa32d14ce436be7a190425b411b2096e2
1,baseline,3,999,25.028493999999682,50,0647660424e2ece4a533cca8ee8f553c4afb2124209047c530b10679c8c727c8
1,baseline,4,1,63.20687600000019,50,ec01fc577ae7a041b31129e8906d14fdc83fb07a4357c71bb1e59330969a1494
1,baseline,5,2,21.037287000000106,50,1faf2af7fc402fba2dc10d5da80b6b9ce8fb78c66d85080ba647faf4ab4bd40e
1,baseline,6,42,22.003355000000283,50,6bbf664f5956ced144b54e947a9e954fa32d14ce436be7a190425b411b2096e2
1,baseline,7,999,19.293252999999822,50,0647660424e2ece4a533cca8ee8f553c4afb2124209047c530b10679c8c727c8
1,baseline,8,1,54.14261299999998,50,ec01fc577ae7a041b31129e8906d14fdc83fb07a4357c71bb1e59330969a1494
1,baseline,9,2,22.26508399999966,50,1faf2af7fc402fba2dc10d5da80b6b9ce8fb78c66d85080ba647faf4ab4bd40e
1,baseline,10,42,21.580007000000023,50,6bbf664f5956ced144b54e947a9e954fa32d14ce436be7a190425b411b2096e2
1,baseline,11,999,18.911239000000023,50,0647660424e2ece4a533cca8ee8f553c4afb2124209047c530b10679c8c727c8
1,baseline,12,1,57.31751200000008,50,ec01fc577ae7a041b31129e8906d14fdc83fb07a4357c71bb1e59330969a1494
1,baseline,13,2,19.873821000000135,50,1faf2af7fc402fba2dc10d5da80b6b9ce8fb78c66d85080ba647faf4ab4bd40e
1,baseline,14,42,24.194699000000128,50,6bbf664f5956ced144b54e947a9e954fa32d14ce436be7a190425b411b2096e2
1,baseline,15,999,18.908003000000008,50,0647660424e2ece4a533cca8ee8f553c4afb2124209047c530b10679c8c727c8
1,baseline,16,1,55.96875599999976,50,ec01fc577ae7a041b31129e8906d14fdc83fb07a4357c71bb1e59330969a1494
1,baseline,17,2,17.21034899999995,50,1faf2af7fc402fba2dc10d5da80b6b9ce8fb78c66d85080ba647faf4ab4bd40e
1,baseline,18,42,17.43826900000022,50,6bbf664f5956ced144b54e947a9e954fa32d14ce436be7a190425b411b2096e2
1,baseline,19,999,17.047684000000118,50,0647660424e2ece4a533cca8ee8f553c4afb2124209047c530b10679c8c727c8
1,baseline,20,1,46.02573099999972,50,ec01fc577ae7a041b31129e8906d14fdc83fb07a4357c71bb1e59330969a1494
1,baseline,21,2,18.087613000000147,50,1faf2af7fc402fba2dc10d5da80b6b9ce8fb78c66d85080ba647faf4ab4bd40e
1,baseline,22,42,16.548741000000064,50,6bbf664f5956ced144b54e947a9e954fa32d14ce436be7a190425b411b2096e2
1,baseline,23,999,16.281610999999884,50,0647660424e2ece4a533cca8ee8f553c4afb2124209047c530b10679c8c727c8
1,baseline,24,1,43.42013799999995,50,ec01fc577ae7a041b31129e8906d14fdc83fb07a4357c71bb1e59330969a1494
1,baseline,25,2,18.993287999999666,50,1faf2af7fc402fba2dc10d5da80b6b9ce8fb78c66d85080ba647faf4ab4bd40e
1,baseline,26,42,15.713374999999814,50,6bbf664f5956ced144b54e947a9e954fa32d14ce436be7a190425b411b2096e2
1,baseline,27,999,18.31118200000037,50,0647660424e2ece4a533cca8ee8f553c4afb2124209047c530b10679c8c727c8
1,baseline,28,1,35.50822500000004,50,ec01fc577ae7a041b31129e8906d14fdc83fb07a4357c71bb1e59330969a1494
1,baseline,29,2,16.81716499999993,50,1faf2af7fc402fba2dc10d5da80b6b9ce8fb78c66d85080ba647faf4ab4bd40e
1,baseline,30,42,19.22424200000023,50,6bbf664f5956ced144b54e947a9e954fa32d14ce436be7a190425b411b2096e2
1,baseline,31,999,16.364983999999822,50,0647660424e2ece4a533cca8ee8f553c4afb2124209047c530b10679c8c727c8
1,baseline,32,1,38.52003800000011,50,ec01fc577ae7a041b31129e8906d14fdc83fb07a4357c71bb1e59330969a1494
1,baseline,33,2,16.42253299999993,50,1faf2af7fc402fba2dc10d5da80b6b9ce8fb78c66d85080ba647faf4ab4bd40e
1,baseline,34,42,15.852845999999772,50,6bbf664f5956ced144b54e947a9e954fa32d14ce436be7a190425b411b2096e2
1,baseline,35,999,17.253343000000314,50,0647660424e2ece4a533cca8ee8f553c4afb2124209047c530b10679c8c727c8
1,baseline,36,1,46.88044600000012,50,ec01fc577ae7a041b31129e8906d14fdc83fb07a4357c71bb1e59330969a1494
1,baseline,37,2,17.833799,50,1faf2af7fc402fba2dc10d5da80b6b9ce8fb78c66d85080ba647faf4ab4bd40e
1,baseline,38,42,19.435504000000037,50,6bbf664f5956ced144b54e947a9e954fa32d14ce436be7a190425b411b2096e2
1,baseline,39,999,15.850104000000101,50,0647660424e2ece4a533cca8ee8f553c4afb2124209047c530b10679c8c727c8
1,baseline,40,1,43.205311000000165,50,ec01fc577ae7a041b31129e8906d14fdc83fb07a4357c71bb1e59330969a1494
1,baseline,41,2,16.907784999999876,50,1faf2af7fc402fba2dc10d5da80b6b9ce8fb78c66d85080ba647faf4ab4bd40e
1,baseline,42,42,19.22984600000018,50,6bbf664f5956ced144b54e947a9e954fa32d14ce436be7a190425b411b2096e2
1,baseline,43,999,18.417832999999973,50,0647660424e2ece4a533cca8ee8f553c4afb2124209047c530b10679c8c727c8
1,baseline,44,1,36.68622000000005,50,ec01fc577ae7a041b31129e8906d14fdc83fb07a4357c71bb1e59330969a1494
1,baseline,45,2,13.198569000000134,50,1faf2af7fc402fba2dc10d5da80b6b9ce8fb78c66d85080ba647faf4ab4bd40e
1,baseline,46,42,18.430104999999912,50,6bbf664f5956ced144b54e947a9e954fa32d14ce436be7a190425b411b2096e2
1,baseline,47,999,14.625044999999773,50,0647660424e2ece4a533cca8ee8f553c4afb2124209047c530b10679c8c727c8
1,baseline,48,1,38.29469000000017,50,ec01fc577ae7a041b31129e8906d14fdc83fb07a4357c71bb1e59330969a1494
1,baseline,49,2,14.888045000000147,50,1faf2af7fc402fba2dc10d5da80b6b9ce8fb78c66d85080ba647faf4ab4bd40e
1,baseline,50,42,13.983266000000185,50,6bbf664f5956ced144b54e947a9e954fa32d14ce436be7a190425b411b2096e2
1,baseline,51,999,16.65985499999988,50,0647660424e2ece4a533cca8ee8f553c4afb2124209047c530b10679c8c727c8
1,baseline,52,1,33.906285000000025,50,ec01fc577ae7a041b31129e8906d14fdc83fb07a4357c71bb1e59330969a1494
1,baseline,53,2,13.506304999999884,50,1faf2af7fc402fba2dc10d5da80b6b9ce8fb78c66d85080ba647faf4ab4bd40e
1,baseline,54,42,18.42437500000051,50,6bbf664f5956ced144b54e947a9e954fa32d14ce436be7a190425b411b2096e2
1,baseline,55,999,14.145962999999938,50,0647660424e2ece4a533cca8ee8f553c4afb2124209047c530b10679c8c727c8
1,baseline,56,1,36.16870800000015,50,ec01fc577ae7a041b31129e8906d14fdc83fb07a4357c71bb1e59330969a1494
1,baseline,57,2,16.606339000000844,50,1faf2af7fc402fba2dc10d5da80b6b9ce8fb78c66d85080ba647faf4ab4bd40e
1,baseline,58,42,14.258198000000448,50,6bbf664f5956ced144b54e947a9e954fa32d14ce436be7a190425b411b2096e2
1,baseline,59,999,14.027254999999968,50,0647660424e2ece4a533cca8ee8f553c4afb2124209047c530b10679c8c727c8
1,baseline,60,1,39.102162000000135,50,ec01fc577ae7a041b31129e8906d14fdc83fb07a4357c71bb1e59330969a1494
1,baseline,61,2,13.616707000000133,50,1faf2af7fc402fba2dc10d5da80b6b9ce8fb78c66d85080ba647faf4ab4bd40e
1,baseline,62,42,14.703485,50,6bbf664f5956ced144b54e947a9e954fa32d14ce436be7a190425b411b2096e2
1,baseline,63,999,14.227193000000625,50,0647660424e2ece4a533cca8ee8f553c4afb2124209047c530b10679c8c727c8
1,baseline,64,1,44.49419300000045,50,ec01fc577ae7a041b31129e8906d14fdc83fb07a4357c71bb1e59330969a1494
1,baseline,65,2,22.85999300000003,50,1faf2af7fc402fba2dc10d5da80b6b9ce8fb78c66d85080ba647faf4ab4bd40e
1,baseline,66,42,25.811461000000236,50,6bbf664f5956ced144b54e947a9e954fa32d14ce436be7a190425b411b2096e2
1,baseline,67,999,22.224512000000686,50,0647660424e2ece4a533cca8ee8f553c4afb2124209047c530b10679c8c727c8
1,baseline,68,1,68.76178299999992,50,ec01fc577ae7a041b31129e8906d14fdc83fb07a4357c71bb1e59330969a1494
1,baseline,69,2,25.003265999999712,50,1faf2af7fc402fba2dc10d5da80b6b9ce8fb78c66d85080ba647faf4ab4bd40e
1,baseline,70,42,26.602116000000024,50,6bbf664f5956ced144b54e947a9e954fa32d14ce436be7a190425b411b2096e2
1,baseline,71,999,27.228455999999824,50,0647660424e2ece4a533cca8ee8f553c4afb2124209047c530b10679c8c727c8
1,baseline,72,1,49.28903700000046,50,ec01fc577ae7a041b31129e8906d14fdc83fb07a4357c71bb1e59330969a1494
1,baseline,73,2,17.35378100000071,50,1faf2af7fc402fba2dc10d5da80b6b9ce8fb78c66d85080ba647faf4ab4bd40e
1,baseline,74,42,16.201669000000038,50,6bbf664f5956ced144b54e947a9e954fa32d14ce436be7a190425b411b2096e2
1,baseline,75,999,17.154045999999653,50,0647660424e2ece4a533cca8ee8f553c4afb2124209047c530b10679c8c727c8
1,baseline,76,1,47.42006700000002,50,ec01fc577ae7a041b31129e8906d14fdc83fb07a4357c71bb1e59330969a1494
1,baseline,77,2,15.352656000000025,50,1faf2af7fc402fba2dc10d5da80b6b9ce8fb78c66d85080ba647faf4ab4bd40e
1,baseline,78,42,14.75058799999988,50,6bbf664f5956ced144b54e947a9e954fa32d14ce436be7a190425b411b2096e2
1,baseline,79,999,16.476800000000367,50,0647660424e2ece4a533cca8ee8f553c4afb2124209047c530b10679c8c727c8
1,baseline,80,1,36.32705100000021,50,ec01fc577ae7a041b31129e8906d14fdc83fb07a4357c71bb1e59330969a1494
1,baseline,81,2,17.497185000000172,50,1faf2af7fc402fba2dc10d5da80b6b9ce8fb78c66d85080ba647faf4ab4bd40e
1,baseline,82,42,17.538274999999885,50,6bbf664f5956ced144b54e947a9e954fa32d14ce436be7a190425b411b2096e2
1,baseline,83,999,15.964756999999736,50,0647660424e2ece4a533cca8ee8f553c4afb2124209047c530b10679c8c727c8
1,baseline,84,1,37.30368199999975,50,ec01fc577ae7a041b31129e8906d14fdc83fb07a4357c71bb1e59330969a1494
1,baseline,85,2,17.425772999999936,50,1faf2af7fc402fba2dc10d5da80b6b9ce8fb78c66d85080ba647faf4ab4bd40e
1,baseline,86,42,13.9470680000004,50,6bbf664f5956ced144b54e947a9e954fa32d14ce436be7a190425b411b2096e2
1,baseline,87,999,18.15286600000036,50,0647660424e2ece4a533cca8ee8f553c4afb2124209047c530b10679c8c727c8
1,baseline,88,1,39.60795600000074,50,ec01fc577ae7a041b31129e8906d14fdc83fb07a4357c71bb1e59330969a1494
1,baseline,89,2,15.080681999999797,50,1faf2af7fc402fba2dc10d5da80b6b9ce8fb78c66d85080ba647faf4ab4bd40e
1,baseline,90,42,18.36919399999988,50,6bbf664f5956ced144b54e947a9e954fa32d14ce436be7a190425b411b2096e2
1,baseline,91,999,17.02786400000059,50,0647660424e2ece4a533cca8ee8f553c4afb2124209047c530b10679c8c727c8
1,baseline,92,1,32.75683200000003,50,ec01fc577ae7a041b31129e8906d14fdc83fb07a4357c71bb1e59330969a1494
1,baseline,93,2,14.785076000000117,50,1faf2af7fc402fba2dc10d5da80b6b9ce8fb78c66d85080ba647faf4ab4bd40e
1,baseline,94,42,12.760944999999992,50,6bbf664f5956ced144b54e947a9e954fa32d14ce436be7a190425b411b2096e2
1,baseline,95,999,14.15402400000039,50,0647660424e2ece4a533cca8ee8f553c4afb2124209047c530b10679c8c727c8
1,baseline,96,1,32.34624799999983,50,ec01fc577ae7a041b31129e8906d14fdc83fb07a4357c71bb1e59330969a1494
1,baseline,97,2,16.986307999999553,50,1faf2af7fc402fba2dc10d5da80b6b9ce8fb78c66d85080ba647faf4ab4bd40e
1,baseline,98,42,15.585527000000184,50,6bbf664f5956ced144b54e947a9e954fa32d14ce436be7a190425b411b2096e2
1,baseline,99,999,15.341284000000087,50,0647660424e2ece4a533cca8ee8f553c4afb2124209047c530b10679c8c727c8
1,baseline,100,1,43.27929200000017,50,ec01fc577ae7a041b31129e8906d14fdc83fb07a4357c71bb1e59330969a1494
1,baseline,101,2,16.864516999999978,50,1faf2af7fc402fba2dc10d5da80b6b9ce8fb78c66d85080ba647faf4ab4bd40e
1,baseline,102,42,14.72368600000027,50,6bbf664f5956ced144b54e947a9e954fa32d14ce436be7a190425b411b2096e2
1,baseline,103,999,17.102818999999727,50,0647660424e2ece4a533cca8ee8f553c4afb2124209047c530b10679c8c727c8
1,baseline,104,1,40.66579199999978,50,ec01fc577ae7a041b31129e8906d14fdc83fb07a4357c71bb1e59330969a1494
1,baseline,105,2,16.186909000000014,50,1faf2af7fc402fba2dc10d5da80b6b9ce8fb78c66d85080ba647faf4ab4bd40e
1,baseline,106,42,14.831634000000122,50,6bbf664f5956ced144b54e947a9e954fa32d14ce436be7a190425b411b2096e2
1,baseline,107,999,14.92188299999998,50,0647660424e2ece4a533cca8ee8f553c4afb2124209047c530b10679c8c727c8
1,baseline,108,1,37.565466999999444,50,ec01fc577ae7a041b31129e8906d14fdc83fb07a4357c71bb1e59330969a1494
1,baseline,109,2,13.928362000000561,50,1faf2af7fc402fba2dc10d5da80b6b9ce8fb78c66d85080ba647faf4ab4bd40e
1,baseline,110,42,16.626596000000063,50,6bbf664f5956ced144b54e947a9e954fa32d14ce436be7a190425b411b2096e2
1,baseline,111,999,13.576493000000482,50,0647660424e2ece4a533cca8ee8f553c4afb2124209047c530b10679c8c727c8
1,baseline,112,1,33.25387800000044,50,ec01fc577ae7a041b31129e8906d14fdc83fb07a4357c71bb1e59330969a1494
1,baseline,113,2,13.065570999999181,50,1faf2af7fc402fba2dc10d5da80b6b9ce8fb78c66d85080ba647faf4ab4bd40e
1,baseline,114,42,12.166513000000123,50,6bbf664f5956ced144b54e947a9e954fa32d14ce436be7a190425b411b2096e2
1,baseline,115,999,13.906804999999622,50,0647660424e2ece4a533cca8ee8f553c4afb2124209047c530b10679c8c727c8
1,baseline,116,1,44.049379000000044,50,ec01fc577ae7a041b31129e8906d14fdc83fb07a4357c71bb1e59330969a1494
1,baseline,117,2,13.31339399999979,50,1faf2af7fc402fba2dc10d5da80b6b9ce8fb78c66d85080ba647faf4ab4bd40e
1,baseline,118,42,15.540531000000556,50,6bbf664f5956ced144b54e947a9e954fa32d14ce436be7a190425b411b2096e2
1,baseline,119,999,17.023830999999518,50,0647660424e2ece4a533cca8ee8f553c4afb2124209047c530b10679c8c727c8
2,indexed,0,1,0.5037439999996423,50,ec01fc577ae7a041b31129e8906d14fdc83fb07a4357c71bb1e59330969a1494
2,indexed,1,2,0.6091970000006768,50,1faf2af7fc402fba2dc10d5da80b6b9ce8fb78c66d85080ba647faf4ab4bd40e
2,indexed,2,42,0.8392919999996593,50,6bbf664f5956ced144b54e947a9e954fa32d14ce436be7a190425b411b2096e2
2,indexed,3,999,0.5557360000002518,50,0647660424e2ece4a533cca8ee8f553c4afb2124209047c530b10679c8c727c8
2,indexed,4,1,0.5969909999994343,50,ec01fc577ae7a041b31129e8906d14fdc83fb07a4357c71bb1e59330969a1494
2,indexed,5,2,0.549815999999737,50,1faf2af7fc402fba2dc10d5da80b6b9ce8fb78c66d85080ba647faf4ab4bd40e
2,indexed,6,42,0.5637120000001232,50,6bbf664f5956ced144b54e947a9e954fa32d14ce436be7a190425b411b2096e2
2,indexed,7,999,0.4943630000007033,50,0647660424e2ece4a533cca8ee8f553c4afb2124209047c530b10679c8c727c8
2,indexed,8,1,0.587163999999575,50,ec01fc577ae7a041b31129e8906d14fdc83fb07a4357c71bb1e59330969a1494
2,indexed,9,2,0.49004599999989296,50,1faf2af7fc402fba2dc10d5da80b6b9ce8fb78c66d85080ba647faf4ab4bd40e
2,indexed,10,42,0.4763840000005075,50,6bbf664f5956ced144b54e947a9e954fa32d14ce436be7a190425b411b2096e2
2,indexed,11,999,0.4770699999999124,50,0647660424e2ece4a533cca8ee8f553c4afb2124209047c530b10679c8c727c8
2,indexed,12,1,0.48323399999935646,50,ec01fc577ae7a041b31129e8906d14fdc83fb07a4357c71bb1e59330969a1494
2,indexed,13,2,0.8109770000000935,50,1faf2af7fc402fba2dc10d5da80b6b9ce8fb78c66d85080ba647faf4ab4bd40e
2,indexed,14,42,0.7302849999996397,50,6bbf664f5956ced144b54e947a9e954fa32d14ce436be7a190425b411b2096e2
2,indexed,15,999,0.7253860000000714,50,0647660424e2ece4a533cca8ee8f553c4afb2124209047c530b10679c8c727c8
2,indexed,16,1,0.742352999999639,50,ec01fc577ae7a041b31129e8906d14fdc83fb07a4357c71bb1e59330969a1494
2,indexed,17,2,0.5721690000000308,50,1faf2af7fc402fba2dc10d5da80b6b9ce8fb78c66d85080ba647faf4ab4bd40e
2,indexed,18,42,0.6769059999996898,50,6bbf664f5956ced144b54e947a9e954fa32d14ce436be7a190425b411b2096e2
2,indexed,19,999,0.5175390000003972,50,0647660424e2ece4a533cca8ee8f553c4afb2124209047c530b10679c8c727c8
2,indexed,20,1,0.5086890000002313,50,ec01fc577ae7a041b31129e8906d14fdc83fb07a4357c71bb1e59330969a1494
2,indexed,21,2,0.5030169999999998,50,1faf2af7fc402fba2dc10d5da80b6b9ce8fb78c66d85080ba647faf4ab4bd40e
2,indexed,22,42,0.4742630000000645,50,6bbf664f5956ced144b54e947a9e954fa32d14ce436be7a190425b411b2096e2
2,indexed,23,999,0.5487590000002456,50,0647660424e2ece4a533cca8ee8f553c4afb2124209047c530b10679c8c727c8
2,indexed,24,1,0.6341959999999744,50,ec01fc577ae7a041b31129e8906d14fdc83fb07a4357c71bb1e59330969a1494
2,indexed,25,2,0.6377019999999902,50,1faf2af7fc402fba2dc10d5da80b6b9ce8fb78c66d85080ba647faf4ab4bd40e
2,indexed,26,42,0.6164570000000822,50,6bbf664f5956ced144b54e947a9e954fa32d14ce436be7a190425b411b2096e2
2,indexed,27,999,0.5863060000001497,50,0647660424e2ece4a533cca8ee8f553c4afb2124209047c530b10679c8c727c8
2,indexed,28,1,0.5604229999999006,50,ec01fc577ae7a041b31129e8906d14fdc83fb07a4357c71bb1e59330969a1494
2,indexed,29,2,0.5567169999994803,50,1faf2af7fc402fba2dc10d5da80b6b9ce8fb78c66d85080ba647faf4ab4bd40e
2,indexed,30,42,0.5934879999995246,50,6bbf664f5956ced144b54e947a9e954fa32d14ce436be7a190425b411b2096e2
2,indexed,31,999,0.5609960000001593,50,0647660424e2ece4a533cca8ee8f553c4afb2124209047c530b10679c8c727c8
2,indexed,32,1,0.5576650000002701,50,ec01fc577ae7a041b31129e8906d14fdc83fb07a4357c71bb1e59330969a1494
2,indexed,33,2,1.2245510000002469,50,1faf2af7fc402fba2dc10d5da80b6b9ce8fb78c66d85080ba647faf4ab4bd40e
2,indexed,34,42,0.8130519999995158,50,6bbf664f5956ced144b54e947a9e954fa32d14ce436be7a190425b411b2096e2
2,indexed,35,999,0.80293200000051,50,0647660424e2ece4a533cca8ee8f553c4afb2124209047c530b10679c8c727c8
2,indexed,36,1,0.8417420000005222,50,ec01fc577ae7a041b31129e8906d14fdc83fb07a4357c71bb1e59330969a1494
2,indexed,37,2,0.700631999999132,50,1faf2af7fc402fba2dc10d5da80b6b9ce8fb78c66d85080ba647faf4ab4bd40e
2,indexed,38,42,0.8039349999999104,50,6bbf664f5956ced144b54e947a9e954fa32d14ce436be7a190425b411b2096e2
2,indexed,39,999,0.9272609999998167,50,0647660424e2ece4a533cca8ee8f553c4afb2124209047c530b10679c8c727c8
2,indexed,40,1,0.8327119999994466,50,ec01fc577ae7a041b31129e8906d14fdc83fb07a4357c71bb1e59330969a1494
2,indexed,41,2,0.7033369999999195,50,1faf2af7fc402fba2dc10d5da80b6b9ce8fb78c66d85080ba647faf4ab4bd40e
2,indexed,42,42,0.7149960000006104,50,6bbf664f5956ced144b54e947a9e954fa32d14ce436be7a190425b411b2096e2
2,indexed,43,999,0.6040259999999762,50,0647660424e2ece4a533cca8ee8f553c4afb2124209047c530b10679c8c727c8
2,indexed,44,1,0.5932980000006864,50,ec01fc577ae7a041b31129e8906d14fdc83fb07a4357c71bb1e59330969a1494
2,indexed,45,2,0.5510720000002038,50,1faf2af7fc402fba2dc10d5da80b6b9ce8fb78c66d85080ba647faf4ab4bd40e
2,indexed,46,42,0.548359999999775,50,6bbf664f5956ced144b54e947a9e954fa32d14ce436be7a190425b411b2096e2
2,indexed,47,999,0.6197169999995822,50,0647660424e2ece4a533cca8ee8f553c4afb2124209047c530b10679c8c727c8
2,indexed,48,1,0.7384100000008402,50,ec01fc577ae7a041b31129e8906d14fdc83fb07a4357c71bb1e59330969a1494
2,indexed,49,2,0.6861539999999877,50,1faf2af7fc402fba2dc10d5da80b6b9ce8fb78c66d85080ba647faf4ab4bd40e
2,indexed,50,42,0.6469850000003134,50,6bbf664f5956ced144b54e947a9e954fa32d14ce436be7a190425b411b2096e2
2,indexed,51,999,0.611097000000882,50,0647660424e2ece4a533cca8ee8f553c4afb2124209047c530b10679c8c727c8
2,indexed,52,1,0.5596709999999803,50,ec01fc577ae7a041b31129e8906d14fdc83fb07a4357c71bb1e59330969a1494
2,indexed,53,2,0.6297340000000986,50,1faf2af7fc402fba2dc10d5da80b6b9ce8fb78c66d85080ba647faf4ab4bd40e
2,indexed,54,42,0.5744509999994989,50,6bbf664f5956ced144b54e947a9e954fa32d14ce436be7a190425b411b2096e2
2,indexed,55,999,0.7507009999999354,50,0647660424e2ece4a533cca8ee8f553c4afb2124209047c530b10679c8c727c8
2,indexed,56,1,0.8199610000001485,50,ec01fc577ae7a041b31129e8906d14fdc83fb07a4357c71bb1e59330969a1494
2,indexed,57,2,0.992591999999604,50,1faf2af7fc402fba2dc10d5da80b6b9ce8fb78c66d85080ba647faf4ab4bd40e
2,indexed,58,42,0.7708659999998417,50,6bbf664f5956ced144b54e947a9e954fa32d14ce436be7a190425b411b2096e2
2,indexed,59,999,0.6324839999997494,50,0647660424e2ece4a533cca8ee8f553c4afb2124209047c530b10679c8c727c8
2,indexed,60,1,0.6586049999996249,50,ec01fc577ae7a041b31129e8906d14fdc83fb07a4357c71bb1e59330969a1494
2,indexed,61,2,0.6288679999997839,50,1faf2af7fc402fba2dc10d5da80b6b9ce8fb78c66d85080ba647faf4ab4bd40e
2,indexed,62,42,0.6057629999995697,50,6bbf664f5956ced144b54e947a9e954fa32d14ce436be7a190425b411b2096e2
2,indexed,63,999,0.5678869999992457,50,0647660424e2ece4a533cca8ee8f553c4afb2124209047c530b10679c8c727c8
2,indexed,64,1,0.656952999999703,50,ec01fc577ae7a041b31129e8906d14fdc83fb07a4357c71bb1e59330969a1494
2,indexed,65,2,0.6038189999999304,50,1faf2af7fc402fba2dc10d5da80b6b9ce8fb78c66d85080ba647faf4ab4bd40e
2,indexed,66,42,0.6205950000003213,50,6bbf664f5956ced144b54e947a9e954fa32d14ce436be7a190425b411b2096e2
2,indexed,67,999,0.6614500000005137,50,0647660424e2ece4a533cca8ee8f553c4afb2124209047c530b10679c8c727c8
2,indexed,68,1,0.6304799999998068,50,ec01fc577ae7a041b31129e8906d14fdc83fb07a4357c71bb1e59330969a1494
2,indexed,69,2,0.6142339999996693,50,1faf2af7fc402fba2dc10d5da80b6b9ce8fb78c66d85080ba647faf4ab4bd40e
2,indexed,70,42,0.609346999999616,50,6bbf664f5956ced144b54e947a9e954fa32d14ce436be7a190425b411b2096e2
2,indexed,71,999,2.4040469999999914,50,0647660424e2ece4a533cca8ee8f553c4afb2124209047c530b10679c8c727c8
2,indexed,72,1,0.9455619999998817,50,ec01fc577ae7a041b31129e8906d14fdc83fb07a4357c71bb1e59330969a1494
2,indexed,73,2,0.9651549999998679,50,1faf2af7fc402fba2dc10d5da80b6b9ce8fb78c66d85080ba647faf4ab4bd40e
2,indexed,74,42,0.8359599999994316,50,6bbf664f5956ced144b54e947a9e954fa32d14ce436be7a190425b411b2096e2
2,indexed,75,999,0.590197000000444,50,0647660424e2ece4a533cca8ee8f553c4afb2124209047c530b10679c8c727c8
2,indexed,76,1,0.5433720000000903,50,ec01fc577ae7a041b31129e8906d14fdc83fb07a4357c71bb1e59330969a1494
2,indexed,77,2,0.5113869999995586,50,1faf2af7fc402fba2dc10d5da80b6b9ce8fb78c66d85080ba647faf4ab4bd40e
2,indexed,78,42,0.5001510000001872,50,6bbf664f5956ced144b54e947a9e954fa32d14ce436be7a190425b411b2096e2
2,indexed,79,999,0.586022999999841,50,0647660424e2ece4a533cca8ee8f553c4afb2124209047c530b10679c8c727c8
2,indexed,80,1,0.5752019999999902,50,ec01fc577ae7a041b31129e8906d14fdc83fb07a4357c71bb1e59330969a1494
2,indexed,81,2,0.5290140000006431,50,1faf2af7fc402fba2dc10d5da80b6b9ce8fb78c66d85080ba647faf4ab4bd40e
2,indexed,82,42,0.5190790000006018,50,6bbf664f5956ced144b54e947a9e954fa32d14ce436be7a190425b411b2096e2
2,indexed,83,999,0.6537420000004204,50,0647660424e2ece4a533cca8ee8f553c4afb2124209047c530b10679c8c727c8
2,indexed,84,1,0.5599169999995866,50,ec01fc577ae7a041b31129e8906d14fdc83fb07a4357c71bb1e59330969a1494
2,indexed,85,2,0.5626640000000407,50,1faf2af7fc402fba2dc10d5da80b6b9ce8fb78c66d85080ba647faf4ab4bd40e
2,indexed,86,42,0.5160619999996925,50,6bbf664f5956ced144b54e947a9e954fa32d14ce436be7a190425b411b2096e2
2,indexed,87,999,0.5005120000005263,50,0647660424e2ece4a533cca8ee8f553c4afb2124209047c530b10679c8c727c8
2,indexed,88,1,0.5367400000004636,50,ec01fc577ae7a041b31129e8906d14fdc83fb07a4357c71bb1e59330969a1494
2,indexed,89,2,0.4985930000002554,50,1faf2af7fc402fba2dc10d5da80b6b9ce8fb78c66d85080ba647faf4ab4bd40e
2,indexed,90,42,0.5190540000003239,50,6bbf664f5956ced144b54e947a9e954fa32d14ce436be7a190425b411b2096e2
2,indexed,91,999,0.5549299999993309,50,0647660424e2ece4a533cca8ee8f553c4afb2124209047c530b10679c8c727c8
2,indexed,92,1,0.5624619999998686,50,ec01fc577ae7a041b31129e8906d14fdc83fb07a4357c71bb1e59330969a1494
2,indexed,93,2,0.5462930000003325,50,1faf2af7fc402fba2dc10d5da80b6b9ce8fb78c66d85080ba647faf4ab4bd40e
2,indexed,94,42,0.5130319999998392,50,6bbf664f5956ced144b54e947a9e954fa32d14ce436be7a190425b411b2096e2
2,indexed,95,999,0.7230629999994562,50,0647660424e2ece4a533cca8ee8f553c4afb2124209047c530b10679c8c727c8
2,indexed,96,1,1.0207350000000588,50,ec01fc577ae7a041b31129e8906d14fdc83fb07a4357c71bb1e59330969a1494
2,indexed,97,2,0.7627709999997023,50,1faf2af7fc402fba2dc10d5da80b6b9ce8fb78c66d85080ba647faf4ab4bd40e
2,indexed,98,42,0.7631689999998343,50,6bbf664f5956ced144b54e947a9e954fa32d14ce436be7a190425b411b2096e2
2,indexed,99,999,0.7658900000005815,50,0647660424e2ece4a533cca8ee8f553c4afb2124209047c530b10679c8c727c8
2,indexed,100,1,0.6738709999999628,50,ec01fc577ae7a041b31129e8906d14fdc83fb07a4357c71bb1e59330969a1494
2,indexed,101,2,0.5733399999999165,50,1faf2af7fc402fba2dc10d5da80b6b9ce8fb78c66d85080ba647faf4ab4bd40e
2,indexed,102,42,0.5225360000004002,50,6bbf664f5956ced144b54e947a9e954fa32d14ce436be7a190425b411b2096e2
2,indexed,103,999,0.5020029999996041,50,0647660424e2ece4a533cca8ee8f553c4afb2124209047c530b10679c8c727c8
2,indexed,104,1,0.5359809999999925,50,ec01fc577ae7a041b31129e8906d14fdc83fb07a4357c71bb1e59330969a1494
2,indexed,105,2,0.5325990000001184,50,1faf2af7fc402fba2dc10d5da80b6b9ce8fb78c66d85080ba647faf4ab4bd40e
2,indexed,106,42,0.5524410000007265,50,6bbf664f5956ced144b54e947a9e954fa32d14ce436be7a190425b411b2096e2
2,indexed,107,999,0.5166709999994055,50,0647660424e2ece4a533cca8ee8f553c4afb2124209047c530b10679c8c727c8
2,indexed,108,1,0.494698999999855,50,ec01fc577ae7a041b31129e8906d14fdc83fb07a4357c71bb1e59330969a1494
2,indexed,109,2,0.5316760000005161,50,1faf2af7fc402fba2dc10d5da80b6b9ce8fb78c66d85080ba647faf4ab4bd40e
2,indexed,110,42,0.5144450000007055,50,6bbf664f5956ced144b54e947a9e954fa32d14ce436be7a190425b411b2096e2
2,indexed,111,999,0.5621089999995093,50,0647660424e2ece4a533cca8ee8f553c4afb2124209047c530b10679c8c727c8
2,indexed,112,1,0.568225999999413,50,ec01fc577ae7a041b31129e8906d14fdc83fb07a4357c71bb1e59330969a1494
2,indexed,113,2,0.5153669999999693,50,1faf2af7fc402fba2dc10d5da80b6b9ce8fb78c66d85080ba647faf4ab4bd40e
2,indexed,114,42,0.4923300000000381,50,6bbf664f5956ced144b54e947a9e954fa32d14ce436be7a190425b411b2096e2
2,indexed,115,999,0.48370299999987765,50,0647660424e2ece4a533cca8ee8f553c4afb2124209047c530b10679c8c727c8
2,indexed,116,1,0.5791400000007343,50,ec01fc577ae7a041b31129e8906d14fdc83fb07a4357c71bb1e59330969a1494
2,indexed,117,2,0.72772200000054,50,1faf2af7fc402fba2dc10d5da80b6b9ce8fb78c66d85080ba647faf4ab4bd40e
2,indexed,118,42,0.6521710000006351,50,6bbf664f5956ced144b54e947a9e954fa32d14ce436be7a190425b411b2096e2
2,indexed,119,999,0.8272520000000441,50,0647660424e2ece4a533cca8ee8f553c4afb2124209047c530b10679c8c727c8
3,indexed,0,1,0.5227289999993445,50,ec01fc577ae7a041b31129e8906d14fdc83fb07a4357c71bb1e59330969a1494
3,indexed,1,2,0.5957440000001952,50,1faf2af7fc402fba2dc10d5da80b6b9ce8fb78c66d85080ba647faf4ab4bd40e
3,indexed,2,42,0.6412449999997989,50,6bbf664f5956ced144b54e947a9e954fa32d14ce436be7a190425b411b2096e2
3,indexed,3,999,0.6696830000000773,50,0647660424e2ece4a533cca8ee8f553c4afb2124209047c530b10679c8c727c8
3,indexed,4,1,1.0686169999999038,50,ec01fc577ae7a041b31129e8906d14fdc83fb07a4357c71bb1e59330969a1494
3,indexed,5,2,0.790063999999802,50,1faf2af7fc402fba2dc10d5da80b6b9ce8fb78c66d85080ba647faf4ab4bd40e
3,indexed,6,42,0.612822000000051,50,6bbf664f5956ced144b54e947a9e954fa32d14ce436be7a190425b411b2096e2
3,indexed,7,999,0.511518000000251,50,0647660424e2ece4a533cca8ee8f553c4afb2124209047c530b10679c8c727c8
3,indexed,8,1,0.6897170000002006,50,ec01fc577ae7a041b31129e8906d14fdc83fb07a4357c71bb1e59330969a1494
3,indexed,9,2,0.8027259999998932,50,1faf2af7fc402fba2dc10d5da80b6b9ce8fb78c66d85080ba647faf4ab4bd40e
3,indexed,10,42,0.5968699999993987,50,6bbf664f5956ced144b54e947a9e954fa32d14ce436be7a190425b411b2096e2
3,indexed,11,999,0.5873140000003332,50,0647660424e2ece4a533cca8ee8f553c4afb2124209047c530b10679c8c727c8
3,indexed,12,1,0.4874279999994542,50,ec01fc577ae7a041b31129e8906d14fdc83fb07a4357c71bb1e59330969a1494
3,indexed,13,2,0.47794900000008056,50,1faf2af7fc402fba2dc10d5da80b6b9ce8fb78c66d85080ba647faf4ab4bd40e
3,indexed,14,42,0.459034999999858,50,6bbf664f5956ced144b54e947a9e954fa32d14ce436be7a190425b411b2096e2
3,indexed,15,999,0.5581750000001193,50,0647660424e2ece4a533cca8ee8f553c4afb2124209047c530b10679c8c727c8
3,indexed,16,1,0.550825000000259,50,ec01fc577ae7a041b31129e8906d14fdc83fb07a4357c71bb1e59330969a1494
3,indexed,17,2,0.551817999999912,50,1faf2af7fc402fba2dc10d5da80b6b9ce8fb78c66d85080ba647faf4ab4bd40e
3,indexed,18,42,0.48980500000016036,50,6bbf664f5956ced144b54e947a9e954fa32d14ce436be7a190425b411b2096e2
3,indexed,19,999,0.6923249999999825,50,0647660424e2ece4a533cca8ee8f553c4afb2124209047c530b10679c8c727c8
3,indexed,20,1,0.5231009999997696,50,ec01fc577ae7a041b31129e8906d14fdc83fb07a4357c71bb1e59330969a1494
3,indexed,21,2,0.5536359999996421,50,1faf2af7fc402fba2dc10d5da80b6b9ce8fb78c66d85080ba647faf4ab4bd40e
3,indexed,22,42,2.24568200000067,50,6bbf664f5956ced144b54e947a9e954fa32d14ce436be7a190425b411b2096e2
3,indexed,23,999,1.0614059999998062,50,0647660424e2ece4a533cca8ee8f553c4afb2124209047c530b10679c8c727c8
3,indexed,24,1,0.9071400000002541,50,ec01fc577ae7a041b31129e8906d14fdc83fb07a4357c71bb1e59330969a1494
3,indexed,25,2,0.9178879999999481,50,1faf2af7fc402fba2dc10d5da80b6b9ce8fb78c66d85080ba647faf4ab4bd40e
3,indexed,26,42,0.6587049999998271,50,6bbf664f5956ced144b54e947a9e954fa32d14ce436be7a190425b411b2096e2
3,indexed,27,999,0.5514429999993808,50,0647660424e2ece4a533cca8ee8f553c4afb2124209047c530b10679c8c727c8
3,indexed,28,1,0.6370129999995697,50,ec01fc577ae7a041b31129e8906d14fdc83fb07a4357c71bb1e59330969a1494
3,indexed,29,2,0.5396340000006603,50,1faf2af7fc402fba2dc10d5da80b6b9ce8fb78c66d85080ba647faf4ab4bd40e
3,indexed,30,42,0.5960219999997207,50,6bbf664f5956ced144b54e947a9e954fa32d14ce436be7a190425b411b2096e2
3,indexed,31,999,0.6448170000003302,50,0647660424e2ece4a533cca8ee8f553c4afb2124209047c530b10679c8c727c8
3,indexed,32,1,0.4970279999997729,50,ec01fc577ae7a041b31129e8906d14fdc83fb07a4357c71bb1e59330969a1494
3,indexed,33,2,0.5475290000003952,50,1faf2af7fc402fba2dc10d5da80b6b9ce8fb78c66d85080ba647faf4ab4bd40e
3,indexed,34,42,0.5398790000008376,50,6bbf664f5956ced144b54e947a9e954fa32d14ce436be7a190425b411b2096e2
3,indexed,35,999,0.4885279999998602,50,0647660424e2ece4a533cca8ee8f553c4afb2124209047c530b10679c8c727c8
3,indexed,36,1,0.4878260000004957,50,ec01fc577ae7a041b31129e8906d14fdc83fb07a4357c71bb1e59330969a1494
3,indexed,37,2,0.46762200000011944,50,1faf2af7fc402fba2dc10d5da80b6b9ce8fb78c66d85080ba647faf4ab4bd40e
3,indexed,38,42,0.4645140000002357,50,6bbf664f5956ced144b54e947a9e954fa32d14ce436be7a190425b411b2096e2
3,indexed,39,999,0.47644799999943643,50,0647660424e2ece4a533cca8ee8f553c4afb2124209047c530b10679c8c727c8
3,indexed,40,1,0.5257430000001477,50,ec01fc577ae7a041b31129e8906d14fdc83fb07a4357c71bb1e59330969a1494
3,indexed,41,2,0.4988889999995081,50,1faf2af7fc402fba2dc10d5da80b6b9ce8fb78c66d85080ba647faf4ab4bd40e
3,indexed,42,42,0.4741889999995692,50,6bbf664f5956ced144b54e947a9e954fa32d14ce436be7a190425b411b2096e2
3,indexed,43,999,0.6206270000002405,50,0647660424e2ece4a533cca8ee8f553c4afb2124209047c530b10679c8c727c8
3,indexed,44,1,0.49272800000017014,50,ec01fc577ae7a041b31129e8906d14fdc83fb07a4357c71bb1e59330969a1494
3,indexed,45,2,0.6850970000004963,50,1faf2af7fc402fba2dc10d5da80b6b9ce8fb78c66d85080ba647faf4ab4bd40e
3,indexed,46,42,0.7856149999997797,50,6bbf664f5956ced144b54e947a9e954fa32d14ce436be7a190425b411b2096e2
3,indexed,47,999,0.6097209999998086,50,0647660424e2ece4a533cca8ee8f553c4afb2124209047c530b10679c8c727c8
3,indexed,48,1,0.5478330000005371,50,ec01fc577ae7a041b31129e8906d14fdc83fb07a4357c71bb1e59330969a1494
3,indexed,49,2,0.5570910000005824,50,1faf2af7fc402fba2dc10d5da80b6b9ce8fb78c66d85080ba647faf4ab4bd40e
3,indexed,50,42,0.48742700000002515,50,6bbf664f5956ced144b54e947a9e954fa32d14ce436be7a190425b411b2096e2
3,indexed,51,999,0.595843999999488,50,0647660424e2ece4a533cca8ee8f553c4afb2124209047c530b10679c8c727c8
3,indexed,52,1,0.511276999999609,50,ec01fc577ae7a041b31129e8906d14fdc83fb07a4357c71bb1e59330969a1494
3,indexed,53,2,0.4605500000006941,50,1faf2af7fc402fba2dc10d5da80b6b9ce8fb78c66d85080ba647faf4ab4bd40e
3,indexed,54,42,0.4665720000002693,50,6bbf664f5956ced144b54e947a9e954fa32d14ce436be7a190425b411b2096e2
3,indexed,55,999,0.43663399999968533,50,0647660424e2ece4a533cca8ee8f553c4afb2124209047c530b10679c8c727c8
3,indexed,56,1,0.4414520000000266,50,ec01fc577ae7a041b31129e8906d14fdc83fb07a4357c71bb1e59330969a1494
3,indexed,57,2,0.506069000000025,50,1faf2af7fc402fba2dc10d5da80b6b9ce8fb78c66d85080ba647faf4ab4bd40e
3,indexed,58,42,0.5199359999996886,50,6bbf664f5956ced144b54e947a9e954fa32d14ce436be7a190425b411b2096e2
3,indexed,59,999,0.4717500000006112,50,0647660424e2ece4a533cca8ee8f553c4afb2124209047c530b10679c8c727c8
3,indexed,60,1,0.5873550000005707,50,ec01fc577ae7a041b31129e8906d14fdc83fb07a4357c71bb1e59330969a1494
3,indexed,61,2,0.49531300000035117,50,1faf2af7fc402fba2dc10d5da80b6b9ce8fb78c66d85080ba647faf4ab4bd40e
3,indexed,62,42,0.5229050000007192,50,6bbf664f5956ced144b54e947a9e954fa32d14ce436be7a190425b411b2096e2
3,indexed,63,999,0.4645229999996445,50,0647660424e2ece4a533cca8ee8f553c4afb2124209047c530b10679c8c727c8
3,indexed,64,1,0.45612900000014633,50,ec01fc577ae7a041b31129e8906d14fdc83fb07a4357c71bb1e59330969a1494
3,indexed,65,2,0.43868900000052236,50,1faf2af7fc402fba2dc10d5da80b6b9ce8fb78c66d85080ba647faf4ab4bd40e
3,indexed,66,42,0.6434039999994638,50,6bbf664f5956ced144b54e947a9e954fa32d14ce436be7a190425b411b2096e2
3,indexed,67,999,0.5185120000005554,50,0647660424e2ece4a533cca8ee8f553c4afb2124209047c530b10679c8c727c8
3,indexed,68,1,0.49398500000006607,50,ec01fc577ae7a041b31129e8906d14fdc83fb07a4357c71bb1e59330969a1494
3,indexed,69,2,0.466403999999784,50,1faf2af7fc402fba2dc10d5da80b6b9ce8fb78c66d85080ba647faf4ab4bd40e
3,indexed,70,42,0.5019240000001446,50,6bbf664f5956ced144b54e947a9e954fa32d14ce436be7a190425b411b2096e2
3,indexed,71,999,0.6434520000002522,50,0647660424e2ece4a533cca8ee8f553c4afb2124209047c530b10679c8c727c8
3,indexed,72,1,0.7019529999997758,50,ec01fc577ae7a041b31129e8906d14fdc83fb07a4357c71bb1e59330969a1494
3,indexed,73,2,0.5236990000003061,50,1faf2af7fc402fba2dc10d5da80b6b9ce8fb78c66d85080ba647faf4ab4bd40e
3,indexed,74,42,0.4655189999994036,50,6bbf664f5956ced144b54e947a9e954fa32d14ce436be7a190425b411b2096e2
3,indexed,75,999,0.5103170000002137,50,0647660424e2ece4a533cca8ee8f553c4afb2124209047c530b10679c8c727c8
3,indexed,76,1,0.49409599999944476,50,ec01fc577ae7a041b31129e8906d14fdc83fb07a4357c71bb1e59330969a1494
3,indexed,77,2,0.4557379999996556,50,1faf2af7fc402fba2dc10d5da80b6b9ce8fb78c66d85080ba647faf4ab4bd40e
3,indexed,78,42,0.4394449999999779,50,6bbf664f5956ced144b54e947a9e954fa32d14ce436be7a190425b411b2096e2
3,indexed,79,999,0.4519799999998213,50,0647660424e2ece4a533cca8ee8f553c4afb2124209047c530b10679c8c727c8
3,indexed,80,1,0.4445610000002489,50,ec01fc577ae7a041b31129e8906d14fdc83fb07a4357c71bb1e59330969a1494
3,indexed,81,2,0.4649939999999333,50,1faf2af7fc402fba2dc10d5da80b6b9ce8fb78c66d85080ba647faf4ab4bd40e
3,indexed,82,42,0.5571560000007594,50,6bbf664f5956ced144b54e947a9e954fa32d14ce436be7a190425b411b2096e2
3,indexed,83,999,0.4677400000000489,50,0647660424e2ece4a533cca8ee8f553c4afb2124209047c530b10679c8c727c8
3,indexed,84,1,0.4739019999997254,50,ec01fc577ae7a041b31129e8906d14fdc83fb07a4357c71bb1e59330969a1494
3,indexed,85,2,0.5080240000006597,50,1faf2af7fc402fba2dc10d5da80b6b9ce8fb78c66d85080ba647faf4ab4bd40e
3,indexed,86,42,0.48200899999937974,50,6bbf664f5956ced144b54e947a9e954fa32d14ce436be7a190425b411b2096e2
3,indexed,87,999,0.4711459999998624,50,0647660424e2ece4a533cca8ee8f553c4afb2124209047c530b10679c8c727c8
3,indexed,88,1,0.4481320000004416,50,ec01fc577ae7a041b31129e8906d14fdc83fb07a4357c71bb1e59330969a1494
3,indexed,89,2,0.5218340000001263,50,1faf2af7fc402fba2dc10d5da80b6b9ce8fb78c66d85080ba647faf4ab4bd40e
3,indexed,90,42,0.4463480000003983,50,6bbf664f5956ced144b54e947a9e954fa32d14ce436be7a190425b411b2096e2
3,indexed,91,999,0.5675080000000889,50,0647660424e2ece4a533cca8ee8f553c4afb2124209047c530b10679c8c727c8
3,indexed,92,1,0.5179410000000644,50,ec01fc577ae7a041b31129e8906d14fdc83fb07a4357c71bb1e59330969a1494
3,indexed,93,2,0.4654259999997521,50,1faf2af7fc402fba2dc10d5da80b6b9ce8fb78c66d85080ba647faf4ab4bd40e
3,indexed,94,42,0.4763490000004822,50,6bbf664f5956ced144b54e947a9e954fa32d14ce436be7a190425b411b2096e2
3,indexed,95,999,0.4676049999998213,50,0647660424e2ece4a533cca8ee8f553c4afb2124209047c530b10679c8c727c8
3,indexed,96,1,0.4419660000003205,50,ec01fc577ae7a041b31129e8906d14fdc83fb07a4357c71bb1e59330969a1494
3,indexed,97,2,0.5478659999998854,50,1faf2af7fc402fba2dc10d5da80b6b9ce8fb78c66d85080ba647faf4ab4bd40e
3,indexed,98,42,0.7260550000000876,50,6bbf664f5956ced144b54e947a9e954fa32d14ce436be7a190425b411b2096e2
3,indexed,99,999,0.6259849999996732,50,0647660424e2ece4a533cca8ee8f553c4afb2124209047c530b10679c8c727c8
3,indexed,100,1,2.1699270000008255,50,ec01fc577ae7a041b31129e8906d14fdc83fb07a4357c71bb1e59330969a1494
3,indexed,101,2,0.9145630000002711,50,1faf2af7fc402fba2dc10d5da80b6b9ce8fb78c66d85080ba647faf4ab4bd40e
3,indexed,102,42,0.7407009999997172,50,6bbf664f5956ced144b54e947a9e954fa32d14ce436be7a190425b411b2096e2
3,indexed,103,999,0.5234479999999166,50,0647660424e2ece4a533cca8ee8f553c4afb2124209047c530b10679c8c727c8
3,indexed,104,1,0.533237999999983,50,ec01fc577ae7a041b31129e8906d14fdc83fb07a4357c71bb1e59330969a1494
3,indexed,105,2,0.46589700000004086,50,1faf2af7fc402fba2dc10d5da80b6b9ce8fb78c66d85080ba647faf4ab4bd40e
3,indexed,106,42,0.5037800000000061,50,6bbf664f5956ced144b54e947a9e954fa32d14ce436be7a190425b411b2096e2
3,indexed,107,999,0.5165390000001935,50,0647660424e2ece4a533cca8ee8f553c4afb2124209047c530b10679c8c727c8
3,indexed,108,1,0.48331600000074104,50,ec01fc577ae7a041b31129e8906d14fdc83fb07a4357c71bb1e59330969a1494
3,indexed,109,2,0.5063810000001467,50,1faf2af7fc402fba2dc10d5da80b6b9ce8fb78c66d85080ba647faf4ab4bd40e
3,indexed,110,42,0.44921900000008463,50,6bbf664f5956ced144b54e947a9e954fa32d14ce436be7a190425b411b2096e2
3,indexed,111,999,0.43312999999943713,50,0647660424e2ece4a533cca8ee8f553c4afb2124209047c530b10679c8c727c8
3,indexed,112,1,0.4587920000003578,50,ec01fc577ae7a041b31129e8906d14fdc83fb07a4357c71bb1e59330969a1494
3,indexed,113,2,0.43892999999934545,50,1faf2af7fc402fba2dc10d5da80b6b9ce8fb78c66d85080ba647faf4ab4bd40e
3,indexed,114,42,0.4517100000002756,50,6bbf664f5956ced144b54e947a9e954fa32d14ce436be7a190425b411b2096e2
3,indexed,115,999,0.4380110000001878,50,0647660424e2ece4a533cca8ee8f553c4afb2124209047c530b10679c8c727c8
3,indexed,116,1,0.499815000000126,50,ec01fc577ae7a041b31129e8906d14fdc83fb07a4357c71bb1e59330969a1494
3,indexed,117,2,0.43684699999994336,50,1faf2af7fc402fba2dc10d5da80b6b9ce8fb78c66d85080ba647faf4ab4bd40e
3,indexed,118,42,0.5703859999994165,50,6bbf664f5956ced144b54e947a9e954fa32d14ce436be7a190425b411b2096e2
3,indexed,119,999,0.6961360000004788,50,0647660424e2ece4a533cca8ee8f553c4afb2124209047c530b10679c8c727c8
4,baseline,0,1,43.650619999999435,50,ec01fc577ae7a041b31129e8906d14fdc83fb07a4357c71bb1e59330969a1494
4,baseline,1,2,18.925130999999965,50,1faf2af7fc402fba2dc10d5da80b6b9ce8fb78c66d85080ba647faf4ab4bd40e
4,baseline,2,42,16.8438900000001,50,6bbf664f5956ced144b54e947a9e954fa32d14ce436be7a190425b411b2096e2
4,baseline,3,999,17.315761999999268,50,0647660424e2ece4a533cca8ee8f553c4afb2124209047c530b10679c8c727c8
4,baseline,4,1,37.83048500000041,50,ec01fc577ae7a041b31129e8906d14fdc83fb07a4357c71bb1e59330969a1494
4,baseline,5,2,13.83125999999993,50,1faf2af7fc402fba2dc10d5da80b6b9ce8fb78c66d85080ba647faf4ab4bd40e
4,baseline,6,42,14.67563599999994,50,6bbf664f5956ced144b54e947a9e954fa32d14ce436be7a190425b411b2096e2
4,baseline,7,999,14.311569999999847,50,0647660424e2ece4a533cca8ee8f553c4afb2124209047c530b10679c8c727c8
4,baseline,8,1,37.435215999999855,50,ec01fc577ae7a041b31129e8906d14fdc83fb07a4357c71bb1e59330969a1494
4,baseline,9,2,17.927416999999878,50,1faf2af7fc402fba2dc10d5da80b6b9ce8fb78c66d85080ba647faf4ab4bd40e
4,baseline,10,42,14.016097000000627,50,6bbf664f5956ced144b54e947a9e954fa32d14ce436be7a190425b411b2096e2
4,baseline,11,999,15.933498000000327,50,0647660424e2ece4a533cca8ee8f553c4afb2124209047c530b10679c8c727c8
4,baseline,12,1,42.272312000000056,50,ec01fc577ae7a041b31129e8906d14fdc83fb07a4357c71bb1e59330969a1494
4,baseline,13,2,14.864979999999377,50,1faf2af7fc402fba2dc10d5da80b6b9ce8fb78c66d85080ba647faf4ab4bd40e
4,baseline,14,42,14.785893000000215,50,6bbf664f5956ced144b54e947a9e954fa32d14ce436be7a190425b411b2096e2
4,baseline,15,999,14.316729999999552,50,0647660424e2ece4a533cca8ee8f553c4afb2124209047c530b10679c8c727c8
4,baseline,16,1,37.86078799999996,50,ec01fc577ae7a041b31129e8906d14fdc83fb07a4357c71bb1e59330969a1494
4,baseline,17,2,15.820627000000059,50,1faf2af7fc402fba2dc10d5da80b6b9ce8fb78c66d85080ba647faf4ab4bd40e
4,baseline,18,42,16.208612999999787,50,6bbf664f5956ced144b54e947a9e954fa32d14ce436be7a190425b411b2096e2
4,baseline,19,999,14.196039000000383,50,0647660424e2ece4a533cca8ee8f553c4afb2124209047c530b10679c8c727c8
4,baseline,20,1,39.5070139999998,50,ec01fc577ae7a041b31129e8906d14fdc83fb07a4357c71bb1e59330969a1494
4,baseline,21,2,14.321493000000373,50,1faf2af7fc402fba2dc10d5da80b6b9ce8fb78c66d85080ba647faf4ab4bd40e
4,baseline,22,42,14.022801000000072,50,6bbf664f5956ced144b54e947a9e954fa32d14ce436be7a190425b411b2096e2
4,baseline,23,999,14.637676000000283,50,0647660424e2ece4a533cca8ee8f553c4afb2124209047c530b10679c8c727c8
4,baseline,24,1,37.99649599999975,50,ec01fc577ae7a041b31129e8906d14fdc83fb07a4357c71bb1e59330969a1494
4,baseline,25,2,14.346169000000373,50,1faf2af7fc402fba2dc10d5da80b6b9ce8fb78c66d85080ba647faf4ab4bd40e
4,baseline,26,42,14.24922499999957,50,6bbf664f5956ced144b54e947a9e954fa32d14ce436be7a190425b411b2096e2
4,baseline,27,999,13.784494999999879,50,0647660424e2ece4a533cca8ee8f553c4afb2124209047c530b10679c8c727c8
4,baseline,28,1,38.87470099999973,50,ec01fc577ae7a041b31129e8906d14fdc83fb07a4357c71bb1e59330969a1494
4,baseline,29,2,13.82079099999919,50,1faf2af7fc402fba2dc10d5da80b6b9ce8fb78c66d85080ba647faf4ab4bd40e
4,baseline,30,42,14.430153999999675,50,6bbf664f5956ced144b54e947a9e954fa32d14ce436be7a190425b411b2096e2
4,baseline,31,999,13.80594900000051,50,0647660424e2ece4a533cca8ee8f553c4afb2124209047c530b10679c8c727c8
4,baseline,32,1,39.93316899999991,50,ec01fc577ae7a041b31129e8906d14fdc83fb07a4357c71bb1e59330969a1494
4,baseline,33,2,15.162527999999838,50,1faf2af7fc402fba2dc10d5da80b6b9ce8fb78c66d85080ba647faf4ab4bd40e
4,baseline,34,42,14.405821000000287,50,6bbf664f5956ced144b54e947a9e954fa32d14ce436be7a190425b411b2096e2
4,baseline,35,999,14.652234000000135,50,0647660424e2ece4a533cca8ee8f553c4afb2124209047c530b10679c8c727c8
4,baseline,36,1,34.229527999999846,50,ec01fc577ae7a041b31129e8906d14fdc83fb07a4357c71bb1e59330969a1494
4,baseline,37,2,17.260623000000123,50,1faf2af7fc402fba2dc10d5da80b6b9ce8fb78c66d85080ba647faf4ab4bd40e
4,baseline,38,42,17.619826000000103,50,6bbf664f5956ced144b54e947a9e954fa32d14ce436be7a190425b411b2096e2
4,baseline,39,999,18.202140000000327,50,0647660424e2ece4a533cca8ee8f553c4afb2124209047c530b10679c8c727c8
4,baseline,40,1,42.98612400000002,50,ec01fc577ae7a041b31129e8906d14fdc83fb07a4357c71bb1e59330969a1494
4,baseline,41,2,16.549151000000165,50,1faf2af7fc402fba2dc10d5da80b6b9ce8fb78c66d85080ba647faf4ab4bd40e
4,baseline,42,42,19.824548999999934,50,6bbf664f5956ced144b54e947a9e954fa32d14ce436be7a190425b411b2096e2
4,baseline,43,999,19.361896000000343,50,0647660424e2ece4a533cca8ee8f553c4afb2124209047c530b10679c8c727c8
4,baseline,44,1,45.929557999999815,50,ec01fc577ae7a041b31129e8906d14fdc83fb07a4357c71bb1e59330969a1494
4,baseline,45,2,17.999071000000185,50,1faf2af7fc402fba2dc10d5da80b6b9ce8fb78c66d85080ba647faf4ab4bd40e
4,baseline,46,42,17.378200000000106,50,6bbf664f5956ced144b54e947a9e954fa32d14ce436be7a190425b411b2096e2
4,baseline,47,999,21.53010499999982,50,0647660424e2ece4a533cca8ee8f553c4afb2124209047c530b10679c8c727c8
4,baseline,48,1,64.25349299999925,50,ec01fc577ae7a041b31129e8906d14fdc83fb07a4357c71bb1e59330969a1494
4,baseline,49,2,20.569916999999805,50,1faf2af7fc402fba2dc10d5da80b6b9ce8fb78c66d85080ba647faf4ab4bd40e
4,baseline,50,42,20.85202599999957,50,6bbf664f5956ced144b54e947a9e954fa32d14ce436be7a190425b411b2096e2
4,baseline,51,999,13.748518000000331,50,0647660424e2ece4a533cca8ee8f553c4afb2124209047c530b10679c8c727c8
4,baseline,52,1,40.381139999999505,50,ec01fc577ae7a041b31129e8906d14fdc83fb07a4357c71bb1e59330969a1494
4,baseline,53,2,14.909605000000738,50,1faf2af7fc402fba2dc10d5da80b6b9ce8fb78c66d85080ba647faf4ab4bd40e
4,baseline,54,42,15.841049999999996,50,6bbf664f5956ced144b54e947a9e954fa32d14ce436be7a190425b411b2096e2
4,baseline,55,999,13.79034800000045,50,0647660424e2ece4a533cca8ee8f553c4afb2124209047c530b10679c8c727c8
4,baseline,56,1,56.75006300000041,50,ec01fc577ae7a041b31129e8906d14fdc83fb07a4357c71bb1e59330969a1494
4,baseline,57,2,16.134979999999814,50,1faf2af7fc402fba2dc10d5da80b6b9ce8fb78c66d85080ba647faf4ab4bd40e
4,baseline,58,42,16.234220999999707,50,6bbf664f5956ced144b54e947a9e954fa32d14ce436be7a190425b411b2096e2
4,baseline,59,999,14.865039000000252,50,0647660424e2ece4a533cca8ee8f553c4afb2124209047c530b10679c8c727c8
4,baseline,60,1,39.239534000000276,50,ec01fc577ae7a041b31129e8906d14fdc83fb07a4357c71bb1e59330969a1494
4,baseline,61,2,13.924122000000352,50,1faf2af7fc402fba2dc10d5da80b6b9ce8fb78c66d85080ba647faf4ab4bd40e
4,baseline,62,42,14.799334000000272,50,6bbf664f5956ced144b54e947a9e954fa32d14ce436be7a190425b411b2096e2
4,baseline,63,999,14.291099000000031,50,0647660424e2ece4a533cca8ee8f553c4afb2124209047c530b10679c8c727c8
4,baseline,64,1,33.000238000000536,50,ec01fc577ae7a041b31129e8906d14fdc83fb07a4357c71bb1e59330969a1494
4,baseline,65,2,17.240935999999238,50,1faf2af7fc402fba2dc10d5da80b6b9ce8fb78c66d85080ba647faf4ab4bd40e
4,baseline,66,42,13.817990000000464,50,6bbf664f5956ced144b54e947a9e954fa32d14ce436be7a190425b411b2096e2
4,baseline,67,999,14.106579999999667,50,0647660424e2ece4a533cca8ee8f553c4afb2124209047c530b10679c8c727c8
4,baseline,68,1,33.64534999999978,50,ec01fc577ae7a041b31129e8906d14fdc83fb07a4357c71bb1e59330969a1494
4,baseline,69,2,13.379290999999284,50,1faf2af7fc402fba2dc10d5da80b6b9ce8fb78c66d85080ba647faf4ab4bd40e
4,baseline,70,42,15.43770399999994,50,6bbf664f5956ced144b54e947a9e954fa32d14ce436be7a190425b411b2096e2
4,baseline,71,999,15.335450999999011,50,0647660424e2ece4a533cca8ee8f553c4afb2124209047c530b10679c8c727c8
4,baseline,72,1,38.11866700000064,50,ec01fc577ae7a041b31129e8906d14fdc83fb07a4357c71bb1e59330969a1494
4,baseline,73,2,18.740019000000757,50,1faf2af7fc402fba2dc10d5da80b6b9ce8fb78c66d85080ba647faf4ab4bd40e
4,baseline,74,42,13.262776999999915,50,6bbf664f5956ced144b54e947a9e954fa32d14ce436be7a190425b411b2096e2
4,baseline,75,999,16.278623000000152,50,0647660424e2ece4a533cca8ee8f553c4afb2124209047c530b10679c8c727c8
4,baseline,76,1,33.52049699999952,50,ec01fc577ae7a041b31129e8906d14fdc83fb07a4357c71bb1e59330969a1494
4,baseline,77,2,14.771146999999473,50,1faf2af7fc402fba2dc10d5da80b6b9ce8fb78c66d85080ba647faf4ab4bd40e
4,baseline,78,42,18.63340799999969,50,6bbf664f5956ced144b54e947a9e954fa32d14ce436be7a190425b411b2096e2
4,baseline,79,999,18.15154900000016,50,0647660424e2ece4a533cca8ee8f553c4afb2124209047c530b10679c8c727c8
4,baseline,80,1,39.881586999999854,50,ec01fc577ae7a041b31129e8906d14fdc83fb07a4357c71bb1e59330969a1494
4,baseline,81,2,13.873616000000766,50,1faf2af7fc402fba2dc10d5da80b6b9ce8fb78c66d85080ba647faf4ab4bd40e
4,baseline,82,42,13.2034220000005,50,6bbf664f5956ced144b54e947a9e954fa32d14ce436be7a190425b411b2096e2
4,baseline,83,999,17.768960999999763,50,0647660424e2ece4a533cca8ee8f553c4afb2124209047c530b10679c8c727c8
4,baseline,84,1,31.08966099999998,50,ec01fc577ae7a041b31129e8906d14fdc83fb07a4357c71bb1e59330969a1494
4,baseline,85,2,17.582947999999305,50,1faf2af7fc402fba2dc10d5da80b6b9ce8fb78c66d85080ba647faf4ab4bd40e
4,baseline,86,42,12.702787000000171,50,6bbf664f5956ced144b54e947a9e954fa32d14ce436be7a190425b411b2096e2
4,baseline,87,999,14.085089000000153,50,0647660424e2ece4a533cca8ee8f553c4afb2124209047c530b10679c8c727c8
4,baseline,88,1,32.41548899999907,50,ec01fc577ae7a041b31129e8906d14fdc83fb07a4357c71bb1e59330969a1494
4,baseline,89,2,14.005490999999893,50,1faf2af7fc402fba2dc10d5da80b6b9ce8fb78c66d85080ba647faf4ab4bd40e
4,baseline,90,42,15.202280999999857,50,6bbf664f5956ced144b54e947a9e954fa32d14ce436be7a190425b411b2096e2
4,baseline,91,999,14.398705999999947,50,0647660424e2ece4a533cca8ee8f553c4afb2124209047c530b10679c8c727c8
4,baseline,92,1,34.63005300000077,50,ec01fc577ae7a041b31129e8906d14fdc83fb07a4357c71bb1e59330969a1494
4,baseline,93,2,14.046363999999812,50,1faf2af7fc402fba2dc10d5da80b6b9ce8fb78c66d85080ba647faf4ab4bd40e
4,baseline,94,42,13.929840000000695,50,6bbf664f5956ced144b54e947a9e954fa32d14ce436be7a190425b411b2096e2
4,baseline,95,999,13.883733999999095,50,0647660424e2ece4a533cca8ee8f553c4afb2124209047c530b10679c8c727c8
4,baseline,96,1,34.836606999999276,50,ec01fc577ae7a041b31129e8906d14fdc83fb07a4357c71bb1e59330969a1494
4,baseline,97,2,13.051277000000482,50,1faf2af7fc402fba2dc10d5da80b6b9ce8fb78c66d85080ba647faf4ab4bd40e
4,baseline,98,42,14.3756740000008,50,6bbf664f5956ced144b54e947a9e954fa32d14ce436be7a190425b411b2096e2
4,baseline,99,999,15.785322000001543,50,0647660424e2ece4a533cca8ee8f553c4afb2124209047c530b10679c8c727c8
4,baseline,100,1,32.66088800000034,50,ec01fc577ae7a041b31129e8906d14fdc83fb07a4357c71bb1e59330969a1494
4,baseline,101,2,15.419058000001314,50,1faf2af7fc402fba2dc10d5da80b6b9ce8fb78c66d85080ba647faf4ab4bd40e
4,baseline,102,42,15.570374000000811,50,6bbf664f5956ced144b54e947a9e954fa32d14ce436be7a190425b411b2096e2
4,baseline,103,999,15.291822999999567,50,0647660424e2ece4a533cca8ee8f553c4afb2124209047c530b10679c8c727c8
4,baseline,104,1,33.972404999998616,50,ec01fc577ae7a041b31129e8906d14fdc83fb07a4357c71bb1e59330969a1494
4,baseline,105,2,14.523340000001554,50,1faf2af7fc402fba2dc10d5da80b6b9ce8fb78c66d85080ba647faf4ab4bd40e
4,baseline,106,42,15.806957000000693,50,6bbf664f5956ced144b54e947a9e954fa32d14ce436be7a190425b411b2096e2
4,baseline,107,999,18.828137999998944,50,0647660424e2ece4a533cca8ee8f553c4afb2124209047c530b10679c8c727c8
4,baseline,108,1,51.04310599999917,50,ec01fc577ae7a041b31129e8906d14fdc83fb07a4357c71bb1e59330969a1494
4,baseline,109,2,16.84128099999907,50,1faf2af7fc402fba2dc10d5da80b6b9ce8fb78c66d85080ba647faf4ab4bd40e
4,baseline,110,42,15.30407600000035,50,6bbf664f5956ced144b54e947a9e954fa32d14ce436be7a190425b411b2096e2
4,baseline,111,999,17.264617999999246,50,0647660424e2ece4a533cca8ee8f553c4afb2124209047c530b10679c8c727c8
4,baseline,112,1,37.77830999999969,50,ec01fc577ae7a041b31129e8906d14fdc83fb07a4357c71bb1e59330969a1494
4,baseline,113,2,17.695847999999387,50,1faf2af7fc402fba2dc10d5da80b6b9ce8fb78c66d85080ba647faf4ab4bd40e
4,baseline,114,42,16.007548999999926,50,6bbf664f5956ced144b54e947a9e954fa32d14ce436be7a190425b411b2096e2
4,baseline,115,999,14.251673000000665,50,0647660424e2ece4a533cca8ee8f553c4afb2124209047c530b10679c8c727c8
4,baseline,116,1,37.86427499999991,50,ec01fc577ae7a041b31129e8906d14fdc83fb07a4357c71bb1e59330969a1494
4,baseline,117,2,15.495801999999458,50,1faf2af7fc402fba2dc10d5da80b6b9ce8fb78c66d85080ba647faf4ab4bd40e
4,baseline,118,42,18.03362599999855,50,6bbf664f5956ced144b54e947a9e954fa32d14ce436be7a190425b411b2096e2
4,baseline,119,999,14.462295999999697,50,0647660424e2ece4a533cca8ee8f553c4afb2124209047c530b10679c8c727c8
5,baseline,0,1,41.2338409999993,50,ec01fc577ae7a041b31129e8906d14fdc83fb07a4357c71bb1e59330969a1494
5,baseline,1,2,14.170232000000397,50,1faf2af7fc402fba2dc10d5da80b6b9ce8fb78c66d85080ba647faf4ab4bd40e
5,baseline,2,42,16.396907000000283,50,6bbf664f5956ced144b54e947a9e954fa32d14ce436be7a190425b411b2096e2
5,baseline,3,999,15.723453000000518,50,0647660424e2ece4a533cca8ee8f553c4afb2124209047c530b10679c8c727c8
5,baseline,4,1,42.003287999999884,50,ec01fc577ae7a041b31129e8906d14fdc83fb07a4357c71bb1e59330969a1494
5,baseline,5,2,15.700854000000618,50,1faf2af7fc402fba2dc10d5da80b6b9ce8fb78c66d85080ba647faf4ab4bd40e
5,baseline,6,42,17.978746999999203,50,6bbf664f5956ced144b54e947a9e954fa32d14ce436be7a190425b411b2096e2
5,baseline,7,999,17.066811999999118,50,0647660424e2ece4a533cca8ee8f553c4afb2124209047c530b10679c8c727c8
5,baseline,8,1,38.32368000000133,50,ec01fc577ae7a041b31129e8906d14fdc83fb07a4357c71bb1e59330969a1494
5,baseline,9,2,16.384856000000582,50,1faf2af7fc402fba2dc10d5da80b6b9ce8fb78c66d85080ba647faf4ab4bd40e
5,baseline,10,42,16.11336399999891,50,6bbf664f5956ced144b54e947a9e954fa32d14ce436be7a190425b411b2096e2
5,baseline,11,999,17.000027000000046,50,0647660424e2ece4a533cca8ee8f553c4afb2124209047c530b10679c8c727c8
5,baseline,12,1,43.517205000000104,50,ec01fc577ae7a041b31129e8906d14fdc83fb07a4357c71bb1e59330969a1494
5,baseline,13,2,17.27614200000062,50,1faf2af7fc402fba2dc10d5da80b6b9ce8fb78c66d85080ba647faf4ab4bd40e
5,baseline,14,42,17.70335300000079,50,6bbf664f5956ced144b54e947a9e954fa32d14ce436be7a190425b411b2096e2
5,baseline,15,999,18.677707999999257,50,0647660424e2ece4a533cca8ee8f553c4afb2124209047c530b10679c8c727c8
5,baseline,16,1,49.75901900000099,50,ec01fc577ae7a041b31129e8906d14fdc83fb07a4357c71bb1e59330969a1494
5,baseline,17,2,17.472076000000015,50,1faf2af7fc402fba2dc10d5da80b6b9ce8fb78c66d85080ba647faf4ab4bd40e
5,baseline,18,42,18.954005000001416,50,6bbf664f5956ced144b54e947a9e954fa32d14ce436be7a190425b411b2096e2
5,baseline,19,999,22.69454399999995,50,0647660424e2ece4a533cca8ee8f553c4afb2124209047c530b10679c8c727c8
5,baseline,20,1,49.07464599999912,50,ec01fc577ae7a041b31129e8906d14fdc83fb07a4357c71bb1e59330969a1494
5,baseline,21,2,16.490653000000748,50,1faf2af7fc402fba2dc10d5da80b6b9ce8fb78c66d85080ba647faf4ab4bd40e
5,baseline,22,42,16.518314999999347,50,6bbf664f5956ced144b54e947a9e954fa32d14ce436be7a190425b411b2096e2
5,baseline,23,999,19.426284999999552,50,0647660424e2ece4a533cca8ee8f553c4afb2124209047c530b10679c8c727c8
5,baseline,24,1,47.42647600000055,50,ec01fc577ae7a041b31129e8906d14fdc83fb07a4357c71bb1e59330969a1494
5,baseline,25,2,15.679739000001064,50,1faf2af7fc402fba2dc10d5da80b6b9ce8fb78c66d85080ba647faf4ab4bd40e
5,baseline,26,42,16.400940999999875,50,6bbf664f5956ced144b54e947a9e954fa32d14ce436be7a190425b411b2096e2
5,baseline,27,999,13.529356000000917,50,0647660424e2ece4a533cca8ee8f553c4afb2124209047c530b10679c8c727c8
5,baseline,28,1,45.89461300000039,50,ec01fc577ae7a041b31129e8906d14fdc83fb07a4357c71bb1e59330969a1494
5,baseline,29,2,19.593989999999394,50,1faf2af7fc402fba2dc10d5da80b6b9ce8fb78c66d85080ba647faf4ab4bd40e
5,baseline,30,42,16.73590200000035,50,6bbf664f5956ced144b54e947a9e954fa32d14ce436be7a190425b411b2096e2
5,baseline,31,999,14.176950000000943,50,0647660424e2ece4a533cca8ee8f553c4afb2124209047c530b10679c8c727c8
5,baseline,32,1,45.14059400000042,50,ec01fc577ae7a041b31129e8906d14fdc83fb07a4357c71bb1e59330969a1494
5,baseline,33,2,14.351195000001098,50,1faf2af7fc402fba2dc10d5da80b6b9ce8fb78c66d85080ba647faf4ab4bd40e
5,baseline,34,42,14.830541000001176,50,6bbf664f5956ced144b54e947a9e954fa32d14ce436be7a190425b411b2096e2
5,baseline,35,999,16.91831700000148,50,0647660424e2ece4a533cca8ee8f553c4afb2124209047c530b10679c8c727c8
5,baseline,36,1,39.70644100000027,50,ec01fc577ae7a041b31129e8906d14fdc83fb07a4357c71bb1e59330969a1494
5,baseline,37,2,15.529493000000002,50,1faf2af7fc402fba2dc10d5da80b6b9ce8fb78c66d85080ba647faf4ab4bd40e
5,baseline,38,42,15.91820000000007,50,6bbf664f5956ced144b54e947a9e954fa32d14ce436be7a190425b411b2096e2
5,baseline,39,999,15.751280999998926,50,0647660424e2ece4a533cca8ee8f553c4afb2124209047c530b10679c8c727c8
5,baseline,40,1,38.72193300000072,50,ec01fc577ae7a041b31129e8906d14fdc83fb07a4357c71bb1e59330969a1494
5,baseline,41,2,15.757951999999932,50,1faf2af7fc402fba2dc10d5da80b6b9ce8fb78c66d85080ba647faf4ab4bd40e
5,baseline,42,42,14.5816190000005,50,6bbf664f5956ced144b54e947a9e954fa32d14ce436be7a190425b411b2096e2
5,baseline,43,999,14.555367999999362,50,0647660424e2ece4a533cca8ee8f553c4afb2124209047c530b10679c8c727c8
5,baseline,44,1,32.94536699999844,50,ec01fc577ae7a041b31129e8906d14fdc83fb07a4357c71bb1e59330969a1494
5,baseline,45,2,13.767911000000822,50,1faf2af7fc402fba2dc10d5da80b6b9ce8fb78c66d85080ba647faf4ab4bd40e
5,baseline,46,42,14.259608000000298,50,6bbf664f5956ced144b54e947a9e954fa32d14ce436be7a190425b411b2096e2
5,baseline,47,999,16.192918999999165,50,0647660424e2ece4a533cca8ee8f553c4afb2124209047c530b10679c8c727c8
5,baseline,48,1,36.54410199999984,50,ec01fc577ae7a041b31129e8906d14fdc83fb07a4357c71bb1e59330969a1494
5,baseline,49,2,13.422265999999581,50,1faf2af7fc402fba2dc10d5da80b6b9ce8fb78c66d85080ba647faf4ab4bd40e
5,baseline,50,42,13.098727999999028,50,6bbf664f5956ced144b54e947a9e954fa32d14ce436be7a190425b411b2096e2
5,baseline,51,999,15.671205999999074,50,0647660424e2ece4a533cca8ee8f553c4afb2124209047c530b10679c8c727c8
5,baseline,52,1,41.3438900000001,50,ec01fc577ae7a041b31129e8906d14fdc83fb07a4357c71bb1e59330969a1494
5,baseline,53,2,16.620569999999134,50,1faf2af7fc402fba2dc10d5da80b6b9ce8fb78c66d85080ba647faf4ab4bd40e
5,baseline,54,42,15.429824999999255,50,6bbf664f5956ced144b54e947a9e954fa32d14ce436be7a190425b411b2096e2
5,baseline,55,999,15.066839999999502,50,0647660424e2ece4a533cca8ee8f553c4afb2124209047c530b10679c8c727c8
5,baseline,56,1,34.982248000000254,50,ec01fc577ae7a041b31129e8906d14fdc83fb07a4357c71bb1e59330969a1494
5,baseline,57,2,16.973894000000655,50,1faf2af7fc402fba2dc10d5da80b6b9ce8fb78c66d85080ba647faf4ab4bd40e
5,baseline,58,42,15.049054000000979,50,6bbf664f5956ced144b54e947a9e954fa32d14ce436be7a190425b411b2096e2
5,baseline,59,999,16.33731699999953,50,0647660424e2ece4a533cca8ee8f553c4afb2124209047c530b10679c8c727c8
5,baseline,60,1,36.1236659999995,50,ec01fc577ae7a041b31129e8906d14fdc83fb07a4357c71bb1e59330969a1494
5,baseline,61,2,16.023935999999594,50,1faf2af7fc402fba2dc10d5da80b6b9ce8fb78c66d85080ba647faf4ab4bd40e
5,baseline,62,42,15.327683999999863,50,6bbf664f5956ced144b54e947a9e954fa32d14ce436be7a190425b411b2096e2
5,baseline,63,999,15.783053999999538,50,0647660424e2ece4a533cca8ee8f553c4afb2124209047c530b10679c8c727c8
5,baseline,64,1,36.239959000000454,50,ec01fc577ae7a041b31129e8906d14fdc83fb07a4357c71bb1e59330969a1494
5,baseline,65,2,17.071459000000687,50,1faf2af7fc402fba2dc10d5da80b6b9ce8fb78c66d85080ba647faf4ab4bd40e
5,baseline,66,42,16.507375999999567,50,6bbf664f5956ced144b54e947a9e954fa32d14ce436be7a190425b411b2096e2
5,baseline,67,999,14.408716000001732,50,0647660424e2ece4a533cca8ee8f553c4afb2124209047c530b10679c8c727c8
5,baseline,68,1,36.40610000000015,50,ec01fc577ae7a041b31129e8906d14fdc83fb07a4357c71bb1e59330969a1494
5,baseline,69,2,15.05785300000025,50,1faf2af7fc402fba2dc10d5da80b6b9ce8fb78c66d85080ba647faf4ab4bd40e
5,baseline,70,42,15.179034999999203,50,6bbf664f5956ced144b54e947a9e954fa32d14ce436be7a190425b411b2096e2
5,baseline,71,999,14.965169999999489,50,0647660424e2ece4a533cca8ee8f553c4afb2124209047c530b10679c8c727c8
5,baseline,72,1,37.66299900000013,50,ec01fc577ae7a041b31129e8906d14fdc83fb07a4357c71bb1e59330969a1494
5,baseline,73,2,14.999050000000352,50,1faf2af7fc402fba2dc10d5da80b6b9ce8fb78c66d85080ba647faf4ab4bd40e
5,baseline,74,42,15.341113999998925,50,6bbf664f5956ced144b54e947a9e954fa32d14ce436be7a190425b411b2096e2
5,baseline,75,999,14.653406999999788,50,0647660424e2ece4a533cca8ee8f553c4afb2124209047c530b10679c8c727c8
5,baseline,76,1,39.172458999999435,50,ec01fc577ae7a041b31129e8906d14fdc83fb07a4357c71bb1e59330969a1494
5,baseline,77,2,18.01893199999904,50,1faf2af7fc402fba2dc10d5da80b6b9ce8fb78c66d85080ba647faf4ab4bd40e
5,baseline,78,42,17.064768999998705,50,6bbf664f5956ced144b54e947a9e954fa32d14ce436be7a190425b411b2096e2
5,baseline,79,999,18.19354999999996,50,0647660424e2ece4a533cca8ee8f553c4afb2124209047c530b10679c8c727c8
5,baseline,80,1,41.26377499999944,50,ec01fc577ae7a041b31129e8906d14fdc83fb07a4357c71bb1e59330969a1494
5,baseline,81,2,14.581432999999379,50,1faf2af7fc402fba2dc10d5da80b6b9ce8fb78c66d85080ba647faf4ab4bd40e
5,baseline,82,42,15.3795140000002,50,6bbf664f5956ced144b54e947a9e954fa32d14ce436be7a190425b411b2096e2
5,baseline,83,999,14.925658000000112,50,0647660424e2ece4a533cca8ee8f553c4afb2124209047c530b10679c8c727c8
5,baseline,84,1,37.75276800000029,50,ec01fc577ae7a041b31129e8906d14fdc83fb07a4357c71bb1e59330969a1494
5,baseline,85,2,15.883545000000595,50,1faf2af7fc402fba2dc10d5da80b6b9ce8fb78c66d85080ba647faf4ab4bd40e
5,baseline,86,42,17.36976499999946,50,6bbf664f5956ced144b54e947a9e954fa32d14ce436be7a190425b411b2096e2
5,baseline,87,999,15.972426000000269,50,0647660424e2ece4a533cca8ee8f553c4afb2124209047c530b10679c8c727c8
5,baseline,88,1,40.952751999999236,50,ec01fc577ae7a041b31129e8906d14fdc83fb07a4357c71bb1e59330969a1494
5,baseline,89,2,18.599419000000125,50,1faf2af7fc402fba2dc10d5da80b6b9ce8fb78c66d85080ba647faf4ab4bd40e
5,baseline,90,42,18.494140999999217,50,6bbf664f5956ced144b54e947a9e954fa32d14ce436be7a190425b411b2096e2
5,baseline,91,999,17.78338199999962,50,0647660424e2ece4a533cca8ee8f553c4afb2124209047c530b10679c8c727c8
5,baseline,92,1,42.21586699999898,50,ec01fc577ae7a041b31129e8906d14fdc83fb07a4357c71bb1e59330969a1494
5,baseline,93,2,19.829720000001544,50,1faf2af7fc402fba2dc10d5da80b6b9ce8fb78c66d85080ba647faf4ab4bd40e
5,baseline,94,42,18.15914100000009,50,6bbf664f5956ced144b54e947a9e954fa32d14ce436be7a190425b411b2096e2
5,baseline,95,999,16.559721999999965,50,0647660424e2ece4a533cca8ee8f553c4afb2124209047c530b10679c8c727c8
5,baseline,96,1,43.99583399999938,50,ec01fc577ae7a041b31129e8906d14fdc83fb07a4357c71bb1e59330969a1494
5,baseline,97,2,22.101378999999724,50,1faf2af7fc402fba2dc10d5da80b6b9ce8fb78c66d85080ba647faf4ab4bd40e
5,baseline,98,42,16.308945000000676,50,6bbf664f5956ced144b54e947a9e954fa32d14ce436be7a190425b411b2096e2
5,baseline,99,999,14.953326000000743,50,0647660424e2ece4a533cca8ee8f553c4afb2124209047c530b10679c8c727c8
5,baseline,100,1,36.53630400000111,50,ec01fc577ae7a041b31129e8906d14fdc83fb07a4357c71bb1e59330969a1494
5,baseline,101,2,18.035345000000234,50,1faf2af7fc402fba2dc10d5da80b6b9ce8fb78c66d85080ba647faf4ab4bd40e
5,baseline,102,42,15.236690000001545,50,6bbf664f5956ced144b54e947a9e954fa32d14ce436be7a190425b411b2096e2
5,baseline,103,999,15.696991999999227,50,0647660424e2ece4a533cca8ee8f553c4afb2124209047c530b10679c8c727c8
5,baseline,104,1,34.947785000000295,50,ec01fc577ae7a041b31129e8906d14fdc83fb07a4357c71bb1e59330969a1494
5,baseline,105,2,14.320976999999402,50,1faf2af7fc402fba2dc10d5da80b6b9ce8fb78c66d85080ba647faf4ab4bd40e
5,baseline,106,42,17.512536000000182,50,6bbf664f5956ced144b54e947a9e954fa32d14ce436be7a190425b411b2096e2
5,baseline,107,999,17.405339000000822,50,0647660424e2ece4a533cca8ee8f553c4afb2124209047c530b10679c8c727c8
5,baseline,108,1,40.44233499999973,50,ec01fc577ae7a041b31129e8906d14fdc83fb07a4357c71bb1e59330969a1494
5,baseline,109,2,20.653964000000997,50,1faf2af7fc402fba2dc10d5da80b6b9ce8fb78c66d85080ba647faf4ab4bd40e
5,baseline,110,42,19.149094000000332,50,6bbf664f5956ced144b54e947a9e954fa32d14ce436be7a190425b411b2096e2
5,baseline,111,999,18.077140999999756,50,0647660424e2ece4a533cca8ee8f553c4afb2124209047c530b10679c8c727c8
5,baseline,112,1,43.58741000000009,50,ec01fc577ae7a041b31129e8906d14fdc83fb07a4357c71bb1e59330969a1494
5,baseline,113,2,13.91335699999945,50,1faf2af7fc402fba2dc10d5da80b6b9ce8fb78c66d85080ba647faf4ab4bd40e
5,baseline,114,42,17.813476999999693,50,6bbf664f5956ced144b54e947a9e954fa32d14ce436be7a190425b411b2096e2
5,baseline,115,999,17.14192699999876,50,0647660424e2ece4a533cca8ee8f553c4afb2124209047c530b10679c8c727c8
5,baseline,116,1,51.76861800000006,50,ec01fc577ae7a041b31129e8906d14fdc83fb07a4357c71bb1e59330969a1494
5,baseline,117,2,20.456584000001385,50,1faf2af7fc402fba2dc10d5da80b6b9ce8fb78c66d85080ba647faf4ab4bd40e
5,baseline,118,42,22.301124999999956,50,6bbf664f5956ced144b54e947a9e954fa32d14ce436be7a190425b411b2096e2
5,baseline,119,999,23.229761000000508,50,0647660424e2ece4a533cca8ee8f553c4afb2124209047c530b10679c8c727c8
6,indexed,0,1,0.524091999999655,50,ec01fc577ae7a041b31129e8906d14fdc83fb07a4357c71bb1e59330969a1494
6,indexed,1,2,0.5305320000006759,50,1faf2af7fc402fba2dc10d5da80b6b9ce8fb78c66d85080ba647faf4ab4bd40e
6,indexed,2,42,0.5670559999998659,50,6bbf664f5956ced144b54e947a9e954fa32d14ce436be7a190425b411b2096e2
6,indexed,3,999,0.7026580000001559,50,0647660424e2ece4a533cca8ee8f553c4afb2124209047c530b10679c8c727c8
6,indexed,4,1,0.7615010000008624,50,ec01fc577ae7a041b31129e8906d14fdc83fb07a4357c71bb1e59330969a1494
6,indexed,5,2,0.6677429999999731,50,1faf2af7fc402fba2dc10d5da80b6b9ce8fb78c66d85080ba647faf4ab4bd40e
6,indexed,6,42,0.6018110000004526,50,6bbf664f5956ced144b54e947a9e954fa32d14ce436be7a190425b411b2096e2
6,indexed,7,999,0.7880180000011023,50,0647660424e2ece4a533cca8ee8f553c4afb2124209047c530b10679c8c727c8
6,indexed,8,1,0.6436890000004496,50,ec01fc577ae7a041b31129e8906d14fdc83fb07a4357c71bb1e59330969a1494
6,indexed,9,2,0.669196999999258,50,1faf2af7fc402fba2dc10d5da80b6b9ce8fb78c66d85080ba647faf4ab4bd40e
6,indexed,10,42,0.5930480000006355,50,6bbf664f5956ced144b54e947a9e954fa32d14ce436be7a190425b411b2096e2
6,indexed,11,999,0.7700999999997293,50,0647660424e2ece4a533cca8ee8f553c4afb2124209047c530b10679c8c727c8
6,indexed,12,1,0.8382180000007793,50,ec01fc577ae7a041b31129e8906d14fdc83fb07a4357c71bb1e59330969a1494
6,indexed,13,2,0.5865189999985887,50,1faf2af7fc402fba2dc10d5da80b6b9ce8fb78c66d85080ba647faf4ab4bd40e
6,indexed,14,42,0.574612000000343,50,6bbf664f5956ced144b54e947a9e954fa32d14ce436be7a190425b411b2096e2
6,indexed,15,999,0.5007920000007289,50,0647660424e2ece4a533cca8ee8f553c4afb2124209047c530b10679c8c727c8
6,indexed,16,1,0.5085500000004686,50,ec01fc577ae7a041b31129e8906d14fdc83fb07a4357c71bb1e59330969a1494
6,indexed,17,2,0.4875370000008843,50,1faf2af7fc402fba2dc10d5da80b6b9ce8fb78c66d85080ba647faf4ab4bd40e
6,indexed,18,42,0.4981320000006235,50,6bbf664f5956ced144b54e947a9e954fa32d14ce436be7a190425b411b2096e2
6,indexed,19,999,0.49661399999968125,50,0647660424e2ece4a533cca8ee8f553c4afb2124209047c530b10679c8c727c8
6,indexed,20,1,0.6025829999998678,50,ec01fc577ae7a041b31129e8906d14fdc83fb07a4357c71bb1e59330969a1494
6,indexed,21,2,0.5632990000012796,50,1faf2af7fc402fba2dc10d5da80b6b9ce8fb78c66d85080ba647faf4ab4bd40e
6,indexed,22,42,0.5278159999998024,50,6bbf664f5956ced144b54e947a9e954fa32d14ce436be7a190425b411b2096e2
6,indexed,23,999,0.5711599999995087,50,0647660424e2ece4a533cca8ee8f553c4afb2124209047c530b10679c8c727c8
6,indexed,24,1,0.8792610000000423,50,ec01fc577ae7a041b31129e8906d14fdc83fb07a4357c71bb1e59330969a1494
6,indexed,25,2,0.8466499999994994,50,1faf2af7fc402fba2dc10d5da80b6b9ce8fb78c66d85080ba647faf4ab4bd40e
6,indexed,26,42,0.6966890000003332,50,6bbf664f5956ced144b54e947a9e954fa32d14ce436be7a190425b411b2096e2
6,indexed,27,999,0.6390329999994719,50,0647660424e2ece4a533cca8ee8f553c4afb2124209047c530b10679c8c727c8
6,indexed,28,1,0.8491479999993317,50,ec01fc577ae7a041b31129e8906d14fdc83fb07a4357c71bb1e59330969a1494
6,indexed,29,2,0.7326319999992847,50,1faf2af7fc402fba2dc10d5da80b6b9ce8fb78c66d85080ba647faf4ab4bd40e
6,indexed,30,42,0.714099000000715,50,6bbf664f5956ced144b54e947a9e954fa32d14ce436be7a190425b411b2096e2
6,indexed,31,999,0.717343999998775,50,0647660424e2ece4a533cca8ee8f553c4afb2124209047c530b10679c8c727c8
6,indexed,32,1,0.5830630000000383,50,ec01fc577ae7a041b31129e8906d14fdc83fb07a4357c71bb1e59330969a1494
6,indexed,33,2,0.771191000001636,50,1faf2af7fc402fba2dc10d5da80b6b9ce8fb78c66d85080ba647faf4ab4bd40e
6,indexed,34,42,0.6746810000004189,50,6bbf664f5956ced144b54e947a9e954fa32d14ce436be7a190425b411b2096e2
6,indexed,35,999,0.6023590000004333,50,0647660424e2ece4a533cca8ee8f553c4afb2124209047c530b10679c8c727c8
6,indexed,36,1,0.558987000000343,50,ec01fc577ae7a041b31129e8906d14fdc83fb07a4357c71bb1e59330969a1494
6,indexed,37,2,0.5203660000006494,50,1faf2af7fc402fba2dc10d5da80b6b9ce8fb78c66d85080ba647faf4ab4bd40e
6,indexed,38,42,0.5884670000014012,50,6bbf664f5956ced144b54e947a9e954fa32d14ce436be7a190425b411b2096e2
6,indexed,39,999,0.5497249999989435,50,0647660424e2ece4a533cca8ee8f553c4afb2124209047c530b10679c8c727c8
6,indexed,40,1,0.6191139999991719,50,ec01fc577ae7a041b31129e8906d14fdc83fb07a4357c71bb1e59330969a1494
6,indexed,41,2,0.6574390000005224,50,1faf2af7fc402fba2dc10d5da80b6b9ce8fb78c66d85080ba647faf4ab4bd40e
6,indexed,42,42,0.5694789999997738,50,6bbf664f5956ced144b54e947a9e954fa32d14ce436be7a190425b411b2096e2
6,indexed,43,999,0.5338670000001002,50,0647660424e2ece4a533cca8ee8f553c4afb2124209047c530b10679c8c727c8
6,indexed,44,1,0.7552580000010494,50,ec01fc577ae7a041b31129e8906d14fdc83fb07a4357c71bb1e59330969a1494
6,indexed,45,2,0.6644219999998313,50,1faf2af7fc402fba2dc10d5da80b6b9ce8fb78c66d85080ba647faf4ab4bd40e
6,indexed,46,42,0.8625649999994494,50,6bbf664f5956ced144b54e947a9e954fa32d14ce436be7a190425b411b2096e2
6,indexed,47,999,0.7174290000002657,50,0647660424e2ece4a533cca8ee8f553c4afb2124209047c530b10679c8c727c8
6,indexed,48,1,0.591351000000941,50,ec01fc577ae7a041b31129e8906d14fdc83fb07a4357c71bb1e59330969a1494
6,indexed,49,2,0.5375670000012178,50,1faf2af7fc402fba2dc10d5da80b6b9ce8fb78c66d85080ba647faf4ab4bd40e
6,indexed,50,42,0.5146210000002611,50,6bbf664f5956ced144b54e947a9e954fa32d14ce436be7a190425b411b2096e2
6,indexed,51,999,0.5538660000001983,50,0647660424e2ece4a533cca8ee8f553c4afb2124209047c530b10679c8c727c8
6,indexed,52,1,0.5630400000009104,50,ec01fc577ae7a041b31129e8906d14fdc83fb07a4357c71bb1e59330969a1494
6,indexed,53,2,0.7056069999998726,50,1faf2af7fc402fba2dc10d5da80b6b9ce8fb78c66d85080ba647faf4ab4bd40e
6,indexed,54,42,0.6158939999986615,50,6bbf664f5956ced144b54e947a9e954fa32d14ce436be7a190425b411b2096e2
6,indexed,55,999,0.6023460000014893,50,0647660424e2ece4a533cca8ee8f553c4afb2124209047c530b10679c8c727c8
6,indexed,56,1,0.5300130000014178,50,ec01fc577ae7a041b31129e8906d14fdc83fb07a4357c71bb1e59330969a1494
6,indexed,57,2,0.4961860000003071,50,1faf2af7fc402fba2dc10d5da80b6b9ce8fb78c66d85080ba647faf4ab4bd40e
6,indexed,58,42,0.5151459999997314,50,6bbf664f5956ced144b54e947a9e954fa32d14ce436be7a190425b411b2096e2
6,indexed,59,999,0.5740549999991345,50,0647660424e2ece4a533cca8ee8f553c4afb2124209047c530b10679c8c727c8
6,indexed,60,1,0.6144999999996799,50,ec01fc577ae7a041b31129e8906d14fdc83fb07a4357c71bb1e59330969a1494
6,indexed,61,2,0.59422799999993,50,1faf2af7fc402fba2dc10d5da80b6b9ce8fb78c66d85080ba647faf4ab4bd40e
6,indexed,62,42,0.5681709999989835,50,6bbf664f5956ced144b54e947a9e954fa32d14ce436be7a190425b411b2096e2
6,indexed,63,999,0.5150959999991755,50,0647660424e2ece4a533cca8ee8f553c4afb2124209047c530b10679c8c727c8
6,indexed,64,1,0.531316999999035,50,ec01fc577ae7a041b31129e8906d14fdc83fb07a4357c71bb1e59330969a1494
6,indexed,65,2,0.49299900000005437,50,1faf2af7fc402fba2dc10d5da80b6b9ce8fb78c66d85080ba647faf4ab4bd40e
6,indexed,66,42,0.4923689999995986,50,6bbf664f5956ced144b54e947a9e954fa32d14ce436be7a190425b411b2096e2
6,indexed,67,999,0.9560639999999694,50,0647660424e2ece4a533cca8ee8f553c4afb2124209047c530b10679c8c727c8
6,indexed,68,1,1.0133160000004864,50,ec01fc577ae7a041b31129e8906d14fdc83fb07a4357c71bb1e59330969a1494
6,indexed,69,2,0.7082649999993009,50,1faf2af7fc402fba2dc10d5da80b6b9ce8fb78c66d85080ba647faf4ab4bd40e
6,indexed,70,42,0.5625169999984792,50,6bbf664f5956ced144b54e947a9e954fa32d14ce436be7a190425b411b2096e2
6,indexed,71,999,0.5829420000009122,50,0647660424e2ece4a533cca8ee8f553c4afb2124209047c530b10679c8c727c8
6,indexed,72,1,0.5728660000004311,50,ec01fc577ae7a041b31129e8906d14fdc83fb07a4357c71bb1e59330969a1494
6,indexed,73,2,0.593274000000747,50,1faf2af7fc402fba2dc10d5da80b6b9ce8fb78c66d85080ba647faf4ab4bd40e
6,indexed,74,42,0.573287999999593,50,6bbf664f5956ced144b54e947a9e954fa32d14ce436be7a190425b411b2096e2
6,indexed,75,999,0.684835000000021,50,0647660424e2ece4a533cca8ee8f553c4afb2124209047c530b10679c8c727c8
6,indexed,76,1,0.6032880000002478,50,ec01fc577ae7a041b31129e8906d14fdc83fb07a4357c71bb1e59330969a1494
6,indexed,77,2,0.5563600000004953,50,1faf2af7fc402fba2dc10d5da80b6b9ce8fb78c66d85080ba647faf4ab4bd40e
6,indexed,78,42,0.5559809999995196,50,6bbf664f5956ced144b54e947a9e954fa32d14ce436be7a190425b411b2096e2
6,indexed,79,999,0.5500179999999091,50,0647660424e2ece4a533cca8ee8f553c4afb2124209047c530b10679c8c727c8
6,indexed,80,1,0.5381040000011126,50,ec01fc577ae7a041b31129e8906d14fdc83fb07a4357c71bb1e59330969a1494
6,indexed,81,2,0.5312859999994544,50,1faf2af7fc402fba2dc10d5da80b6b9ce8fb78c66d85080ba647faf4ab4bd40e
6,indexed,82,42,0.5447050000002491,50,6bbf664f5956ced144b54e947a9e954fa32d14ce436be7a190425b411b2096e2
6,indexed,83,999,0.49452500000006694,50,0647660424e2ece4a533cca8ee8f553c4afb2124209047c530b10679c8c727c8
6,indexed,84,1,0.4937580000005255,50,ec01fc577ae7a041b31129e8906d14fdc83fb07a4357c71bb1e59330969a1494
6,indexed,85,2,0.4962679999989632,50,1faf2af7fc402fba2dc10d5da80b6b9ce8fb78c66d85080ba647faf4ab4bd40e
6,indexed,86,42,0.5180149999996502,50,6bbf664f5956ced144b54e947a9e954fa32d14ce436be7a190425b411b2096e2
6,indexed,87,999,0.5114009999997506,50,0647660424e2ece4a533cca8ee8f553c4afb2124209047c530b10679c8c727c8
6,indexed,88,1,0.7292310000011639,50,ec01fc577ae7a041b31129e8906d14fdc83fb07a4357c71bb1e59330969a1494
6,indexed,89,2,0.8105229999982839,50,1faf2af7fc402fba2dc10d5da80b6b9ce8fb78c66d85080ba647faf4ab4bd40e
6,indexed,90,42,1.0486180000007153,50,6bbf664f5956ced144b54e947a9e954fa32d14ce436be7a190425b411b2096e2
6,indexed,91,999,0.751297999999224,50,0647660424e2ece4a533cca8ee8f553c4afb2124209047c530b10679c8c727c8
6,indexed,92,1,0.6684459999996761,50,ec01fc577ae7a041b31129e8906d14fdc83fb07a4357c71bb1e59330969a1494
6,indexed,93,2,0.7773139999990235,50,1faf2af7fc402fba2dc10d5da80b6b9ce8fb78c66d85080ba647faf4ab4bd40e
6,indexed,94,42,0.8006100000002334,50,6bbf664f5956ced144b54e947a9e954fa32d14ce436be7a190425b411b2096e2
6,indexed,95,999,0.6201710000004823,50,0647660424e2ece4a533cca8ee8f553c4afb2124209047c530b10679c8c727c8
6,indexed,96,1,0.6220229999998992,50,ec01fc577ae7a041b31129e8906d14fdc83fb07a4357c71bb1e59330969a1494
6,indexed,97,2,0.5714149999985239,50,1faf2af7fc402fba2dc10d5da80b6b9ce8fb78c66d85080ba647faf4ab4bd40e
6,indexed,98,42,0.6367539999992005,50,6bbf664f5956ced144b54e947a9e954fa32d14ce436be7a190425b411b2096e2
6,indexed,99,999,0.5857899999991787,50,0647660424e2ece4a533cca8ee8f553c4afb2124209047c530b10679c8c727c8
6,indexed,100,1,0.5473330000004353,50,ec01fc577ae7a041b31129e8906d14fdc83fb07a4357c71bb1e59330969a1494
6,indexed,101,2,0.5613020000000688,50,1faf2af7fc402fba2dc10d5da80b6b9ce8fb78c66d85080ba647faf4ab4bd40e
6,indexed,102,42,0.5947109999997338,50,6bbf664f5956ced144b54e947a9e954fa32d14ce436be7a190425b411b2096e2
6,indexed,103,999,0.581292000000758,50,0647660424e2ece4a533cca8ee8f553c4afb2124209047c530b10679c8c727c8
6,indexed,104,1,0.5211010000002716,50,ec01fc577ae7a041b31129e8906d14fdc83fb07a4357c71bb1e59330969a1494
6,indexed,105,2,0.5028590000001714,50,1faf2af7fc402fba2dc10d5da80b6b9ce8fb78c66d85080ba647faf4ab4bd40e
6,indexed,106,42,0.49490899999909743,50,6bbf664f5956ced144b54e947a9e954fa32d14ce436be7a190425b411b2096e2
6,indexed,107,999,0.4909220000008645,50,0647660424e2ece4a533cca8ee8f553c4afb2124209047c530b10679c8c727c8
6,indexed,108,1,0.67818299999999,50,ec01fc577ae7a041b31129e8906d14fdc83fb07a4357c71bb1e59330969a1494
6,indexed,109,2,0.6542150000004767,50,1faf2af7fc402fba2dc10d5da80b6b9ce8fb78c66d85080ba647faf4ab4bd40e
6,indexed,110,42,0.659577000000354,50,6bbf664f5956ced144b54e947a9e954fa32d14ce436be7a190425b411b2096e2
6,indexed,111,999,0.696140000000014,50,0647660424e2ece4a533cca8ee8f553c4afb2124209047c530b10679c8c727c8
6,indexed,112,1,0.8925909999998112,50,ec01fc577ae7a041b31129e8906d14fdc83fb07a4357c71bb1e59330969a1494
6,indexed,113,2,0.638559000000896,50,1faf2af7fc402fba2dc10d5da80b6b9ce8fb78c66d85080ba647faf4ab4bd40e
6,indexed,114,42,0.5474739999990561,50,6bbf664f5956ced144b54e947a9e954fa32d14ce436be7a190425b411b2096e2
6,indexed,115,999,0.5283099999996921,50,0647660424e2ece4a533cca8ee8f553c4afb2124209047c530b10679c8c727c8
6,indexed,116,1,0.5600020000001678,50,ec01fc577ae7a041b31129e8906d14fdc83fb07a4357c71bb1e59330969a1494
6,indexed,117,2,0.5378670000009151,50,1faf2af7fc402fba2dc10d5da80b6b9ce8fb78c66d85080ba647faf4ab4bd40e
6,indexed,118,42,0.7184209999995801,50,6bbf664f5956ced144b54e947a9e954fa32d14ce436be7a190425b411b2096e2
6,indexed,119,999,0.6492070000003878,50,0647660424e2ece4a533cca8ee8f553c4afb2124209047c530b10679c8c727c8
7,indexed,0,1,0.6612260000001697,50,ec01fc577ae7a041b31129e8906d14fdc83fb07a4357c71bb1e59330969a1494
7,indexed,1,2,0.6483809999990626,50,1faf2af7fc402fba2dc10d5da80b6b9ce8fb78c66d85080ba647faf4ab4bd40e
7,indexed,2,42,0.6043659999995725,50,6bbf664f5956ced144b54e947a9e954fa32d14ce436be7a190425b411b2096e2
7,indexed,3,999,0.6788700000015524,50,0647660424e2ece4a533cca8ee8f553c4afb2124209047c530b10679c8c727c8
7,indexed,4,1,0.819695000000138,50,ec01fc577ae7a041b31129e8906d14fdc83fb07a4357c71bb1e59330969a1494
7,indexed,5,2,0.603119000001243,50,1faf2af7fc402fba2dc10d5da80b6b9ce8fb78c66d85080ba647faf4ab4bd40e
7,indexed,6,42,0.6317690000014409,50,6bbf664f5956ced144b54e947a9e954fa32d14ce436be7a190425b411b2096e2
7,indexed,7,999,0.7021609999992506,50,0647660424e2ece4a533cca8ee8f553c4afb2124209047c530b10679c8c727c8
7,indexed,8,1,0.5995860000002722,50,ec01fc577ae7a041b31129e8906d14fdc83fb07a4357c71bb1e59330969a1494
7,indexed,9,2,0.5058259999987058,50,1faf2af7fc402fba2dc10d5da80b6b9ce8fb78c66d85080ba647faf4ab4bd40e
7,indexed,10,42,0.4870050000008632,50,6bbf664f5956ced144b54e947a9e954fa32d14ce436be7a190425b411b2096e2
7,indexed,11,999,0.46603499999946507,50,0647660424e2ece4a533cca8ee8f553c4afb2124209047c530b10679c8c727c8
7,indexed,12,1,0.45300899999892863,50,ec01fc577ae7a041b31129e8906d14fdc83fb07a4357c71bb1e59330969a1494
7,indexed,13,2,0.4616760000008071,50,1faf2af7fc402fba2dc10d5da80b6b9ce8fb78c66d85080ba647faf4ab4bd40e
7,indexed,14,42,0.5794850000002043,50,6bbf664f5956ced144b54e947a9e954fa32d14ce436be7a190425b411b2096e2
7,indexed,15,999,0.47901700000147684,50,0647660424e2ece4a533cca8ee8f553c4afb2124209047c530b10679c8c727c8
7,indexed,16,1,0.537664000001314,50,ec01fc577ae7a041b31129e8906d14fdc83fb07a4357c71bb1e59330969a1494
7,indexed,17,2,0.5755840000001626,50,1faf2af7fc402fba2dc10d5da80b6b9ce8fb78c66d85080ba647faf4ab4bd40e
7,indexed,18,42,0.5098920000000362,50,6bbf664f5956ced144b54e947a9e954fa32d14ce436be7a190425b411b2096e2
7,indexed,19,999,0.4588000000003376,50,0647660424e2ece4a533cca8ee8f553c4afb2124209047c530b10679c8c727c8
7,indexed,20,1,0.522542999999132,50,ec01fc577ae7a041b31129e8906d14fdc83fb07a4357c71bb1e59330969a1494
7,indexed,21,2,0.4486930000002758,50,1faf2af7fc402fba2dc10d5da80b6b9ce8fb78c66d85080ba647faf4ab4bd40e
7,indexed,22,42,0.6191190000008646,50,6bbf664f5956ced144b54e947a9e954fa32d14ce436be7a190425b411b2096e2
7,indexed,23,999,0.5558970000001864,50,0647660424e2ece4a533cca8ee8f553c4afb2124209047c530b10679c8c727c8
7,indexed,24,1,0.48656900000059977,50,ec01fc577ae7a041b31129e8906d14fdc83fb07a4357c71bb1e59330969a1494
7,indexed,25,2,0.4705069999999978,50,1faf2af7fc402fba2dc10d5da80b6b9ce8fb78c66d85080ba647faf4ab4bd40e
7,indexed,26,42,0.5943779999997787,50,6bbf664f5956ced144b54e947a9e954fa32d14ce436be7a190425b411b2096e2
7,indexed,27,999,0.5873609999998735,50,0647660424e2ece4a533cca8ee8f553c4afb2124209047c530b10679c8c727c8
7,indexed,28,1,0.6547700000010082,50,ec01fc577ae7a041b31129e8906d14fdc83fb07a4357c71bb1e59330969a1494
7,indexed,29,2,0.6398090000002412,50,1faf2af7fc402fba2dc10d5da80b6b9ce8fb78c66d85080ba647faf4ab4bd40e
7,indexed,30,42,0.6937360000010813,50,6bbf664f5956ced144b54e947a9e954fa32d14ce436be7a190425b411b2096e2
7,indexed,31,999,0.5835210000004736,50,0647660424e2ece4a533cca8ee8f553c4afb2124209047c530b10679c8c727c8
7,indexed,32,1,0.5163099999990663,50,ec01fc577ae7a041b31129e8906d14fdc83fb07a4357c71bb1e59330969a1494
7,indexed,33,2,0.4679859999996552,50,1faf2af7fc402fba2dc10d5da80b6b9ce8fb78c66d85080ba647faf4ab4bd40e
7,indexed,34,42,0.4726749999990716,50,6bbf664f5956ced144b54e947a9e954fa32d14ce436be7a190425b411b2096e2
7,indexed,35,999,0.44208699999944656,50,0647660424e2ece4a533cca8ee8f553c4afb2124209047c530b10679c8c727c8
7,indexed,36,1,0.6140780000005179,50,ec01fc577ae7a041b31129e8906d14fdc83fb07a4357c71bb1e59330969a1494
7,indexed,37,2,0.5528809999996156,50,1faf2af7fc402fba2dc10d5da80b6b9ce8fb78c66d85080ba647faf4ab4bd40e
7,indexed,38,42,0.50583000000006,50,6bbf664f5956ced144b54e947a9e954fa32d14ce436be7a190425b411b2096e2
7,indexed,39,999,0.46441000000049826,50,0647660424e2ece4a533cca8ee8f553c4afb2124209047c530b10679c8c727c8
7,indexed,40,1,0.45041199999832315,50,ec01fc577ae7a041b31129e8906d14fdc83fb07a4357c71bb1e59330969a1494
7,indexed,41,2,0.44122300000162795,50,1faf2af7fc402fba2dc10d5da80b6b9ce8fb78c66d85080ba647faf4ab4bd40e
7,indexed,42,42,0.4468219999998837,50,6bbf664f5956ced144b54e947a9e954fa32d14ce436be7a190425b411b2096e2
7,indexed,43,999,0.45007000000077824,50,0647660424e2ece4a533cca8ee8f553c4afb2124209047c530b10679c8c727c8
7,indexed,44,1,0.5125260000004346,50,ec01fc577ae7a041b31129e8906d14fdc83fb07a4357c71bb1e59330969a1494
7,indexed,45,2,0.48797299999932875,50,1faf2af7fc402fba2dc10d5da80b6b9ce8fb78c66d85080ba647faf4ab4bd40e
7,indexed,46,42,0.647703000000547,50,6bbf664f5956ced144b54e947a9e954fa32d14ce436be7a190425b411b2096e2
7,indexed,47,999,0.5240639999992709,50,0647660424e2ece4a533cca8ee8f553c4afb2124209047c530b10679c8c727c8
7,indexed,48,1,0.47281199999997625,50,ec01fc577ae7a041b31129e8906d14fdc83fb07a4357c71bb1e59330969a1494
7,indexed,49,2,0.47465100000044913,50,1faf2af7fc402fba2dc10d5da80b6b9ce8fb78c66d85080ba647faf4ab4bd40e
7,indexed,50,42,0.49682600000051025,50,6bbf664f5956ced144b54e947a9e954fa32d14ce436be7a190425b411b2096e2
7,indexed,51,999,0.5103069999986474,50,0647660424e2ece4a533cca8ee8f553c4afb2124209047c530b10679c8c727c8
7,indexed,52,1,0.6426270000010845,50,ec01fc577ae7a041b31129e8906d14fdc83fb07a4357c71bb1e59330969a1494
7,indexed,53,2,0.6291959999998653,50,1faf2af7fc402fba2dc10d5da80b6b9ce8fb78c66d85080ba647faf4ab4bd40e
7,indexed,54,42,0.5466509999987466,50,6bbf664f5956ced144b54e947a9e954fa32d14ce436be7a190425b411b2096e2
7,indexed,55,999,0.578259000001708,50,0647660424e2ece4a533cca8ee8f553c4afb2124209047c530b10679c8c727c8
7,indexed,56,1,0.6187649999992573,50,ec01fc577ae7a041b31129e8906d14fdc83fb07a4357c71bb1e59330969a1494
7,indexed,57,2,0.5486239999991085,50,1faf2af7fc402fba2dc10d5da80b6b9ce8fb78c66d85080ba647faf4ab4bd40e
7,indexed,58,42,0.5556740000010905,50,6bbf664f5956ced144b54e947a9e954fa32d14ce436be7a190425b411b2096e2
7,indexed,59,999,0.4788970000008703,50,0647660424e2ece4a533cca8ee8f553c4afb2124209047c530b10679c8c727c8
7,indexed,60,1,0.45721599999887985,50,ec01fc577ae7a041b31129e8906d14fdc83fb07a4357c71bb1e59330969a1494
7,indexed,61,2,0.48725500000000466,50,1faf2af7fc402fba2dc10d5da80b6b9ce8fb78c66d85080ba647faf4ab4bd40e
7,indexed,62,42,0.4726919999993697,50,6bbf664f5956ced144b54e947a9e954fa32d14ce436be7a190425b411b2096e2
7,indexed,63,999,0.44331099999908474,50,0647660424e2ece4a533cca8ee8f553c4afb2124209047c530b10679c8c727c8
7,indexed,64,1,0.44397899999967194,50,ec01fc577ae7a041b31129e8906d14fdc83fb07a4357c71bb1e59330969a1494
7,indexed,65,2,0.4334760000001552,50,1faf2af7fc402fba2dc10d5da80b6b9ce8fb78c66d85080ba647faf4ab4bd40e
7,indexed,66,42,0.4435649999995803,50,6bbf664f5956ced144b54e947a9e954fa32d14ce436be7a190425b411b2096e2
7,indexed,67,999,0.445491000000402,50,0647660424e2ece4a533cca8ee8f553c4afb2124209047c530b10679c8c727c8
7,indexed,68,1,0.46502999999938766,50,ec01fc577ae7a041b31129e8906d14fdc83fb07a4357c71bb1e59330969a1494
7,indexed,69,2,0.5978369999993447,50,1faf2af7fc402fba2dc10d5da80b6b9ce8fb78c66d85080ba647faf4ab4bd40e
7,indexed,70,42,0.5446250000004511,50,6bbf664f5956ced144b54e947a9e954fa32d14ce436be7a190425b411b2096e2
7,indexed,71,999,0.48097799999959534,50,0647660424e2ece4a533cca8ee8f553c4afb2124209047c530b10679c8c727c8
7,indexed,72,1,0.47346099999958824,50,ec01fc577ae7a041b31129e8906d14fdc83fb07a4357c71bb1e59330969a1494
7,indexed,73,2,0.43586900000082096,50,1faf2af7fc402fba2dc10d5da80b6b9ce8fb78c66d85080ba647faf4ab4bd40e
7,indexed,74,42,0.5270450000007258,50,6bbf664f5956ced144b54e947a9e954fa32d14ce436be7a190425b411b2096e2
7,indexed,75,999,0.4802450000006502,50,0647660424e2ece4a533cca8ee8f553c4afb2124209047c530b10679c8c727c8
7,indexed,76,1,0.4491860000016459,50,ec01fc577ae7a041b31129e8906d14fdc83fb07a4357c71bb1e59330969a1494
7,indexed,77,2,0.5007200000000012,50,1faf2af7fc402fba2dc10d5da80b6b9ce8fb78c66d85080ba647faf4ab4bd40e
7,indexed,78,42,0.5469480000010662,50,6bbf664f5956ced144b54e947a9e954fa32d14ce436be7a190425b411b2096e2
7,indexed,79,999,0.7359100000012404,50,0647660424e2ece4a533cca8ee8f553c4afb2124209047c530b10679c8c727c8
7,indexed,80,1,0.6365900000000693,50,ec01fc577ae7a041b31129e8906d14fdc83fb07a4357c71bb1e59330969a1494
7,indexed,81,2,0.4873829999996815,50,1faf2af7fc402fba2dc10d5da80b6b9ce8fb78c66d85080ba647faf4ab4bd40e
7,indexed,82,42,0.45922299999983807,50,6bbf664f5956ced144b54e947a9e954fa32d14ce436be7a190425b411b2096e2
7,indexed,83,999,0.427533999998559,50,0647660424e2ece4a533cca8ee8f553c4afb2124209047c530b10679c8c727c8
7,indexed,84,1,0.432158999999956,50,ec01fc577ae7a041b31129e8906d14fdc83fb07a4357c71bb1e59330969a1494
7,indexed,85,2,0.4241220000003523,50,1faf2af7fc402fba2dc10d5da80b6b9ce8fb78c66d85080ba647faf4ab4bd40e
7,indexed,86,42,0.4734389999994164,50,6bbf664f5956ced144b54e947a9e954fa32d14ce436be7a190425b411b2096e2
7,indexed,87,999,0.5031710000002931,50,0647660424e2ece4a533cca8ee8f553c4afb2124209047c530b10679c8c727c8
7,indexed,88,1,0.5082239999992453,50,ec01fc577ae7a041b31129e8906d14fdc83fb07a4357c71bb1e59330969a1494
7,indexed,89,2,0.4718560000001162,50,1faf2af7fc402fba2dc10d5da80b6b9ce8fb78c66d85080ba647faf4ab4bd40e
7,indexed,90,42,0.4524010000004637,50,6bbf664f5956ced144b54e947a9e954fa32d14ce436be7a190425b411b2096e2
7,indexed,91,999,0.4448179999999411,50,0647660424e2ece4a533cca8ee8f553c4afb2124209047c530b10679c8c727c8
7,indexed,92,1,0.43747199999961595,50,ec01fc577ae7a041b31129e8906d14fdc83fb07a4357c71bb1e59330969a1494
7,indexed,93,2,0.43247599999995145,50,1faf2af7fc402fba2dc10d5da80b6b9ce8fb78c66d85080ba647faf4ab4bd40e
7,indexed,94,42,0.4933890000011161,50,6bbf664f5956ced144b54e947a9e954fa32d14ce436be7a190425b411b2096e2
7,indexed,95,999,0.4478979999985313,50,0647660424e2ece4a533cca8ee8f553c4afb2124209047c530b10679c8c727c8
7,indexed,96,1,0.4468010000000504,50,ec01fc577ae7a041b31129e8906d14fdc83fb07a4357c71bb1e59330969a1494
7,indexed,97,2,0.43977799999993294,50,1faf2af7fc402fba2dc10d5da80b6b9ce8fb78c66d85080ba647faf4ab4bd40e
7,indexed,98,42,0.4721059999992576,50,6bbf664f5956ced144b54e947a9e954fa32d14ce436be7a190425b411b2096e2
7,indexed,99,999,0.44764000000031956,50,0647660424e2ece4a533cca8ee8f553c4afb2124209047c530b10679c8c727c8
7,indexed,100,1,0.46570599999904516,50,ec01fc577ae7a041b31129e8906d14fdc83fb07a4357c71bb1e59330969a1494
7,indexed,101,2,0.504425999999512,50,1faf2af7fc402fba2dc10d5da80b6b9ce8fb78c66d85080ba647faf4ab4bd40e
7,indexed,102,42,0.47587799999928393,50,6bbf664f5956ced144b54e947a9e954fa32d14ce436be7a190425b411b2096e2
7,indexed,103,999,0.4445849999992788,50,0647660424e2ece4a533cca8ee8f553c4afb2124209047c530b10679c8c727c8
7,indexed,104,1,0.6185769999992772,50,ec01fc577ae7a041b31129e8906d14fdc83fb07a4357c71bb1e59330969a1494
7,indexed,105,2,0.7040870000000723,50,1faf2af7fc402fba2dc10d5da80b6b9ce8fb78c66d85080ba647faf4ab4bd40e
7,indexed,106,42,0.7216050000006362,50,6bbf664f5956ced144b54e947a9e954fa32d14ce436be7a190425b411b2096e2
7,indexed,107,999,0.5243749999990541,50,0647660424e2ece4a533cca8ee8f553c4afb2124209047c530b10679c8c727c8
7,indexed,108,1,0.4588189999994938,50,ec01fc577ae7a041b31129e8906d14fdc83fb07a4357c71bb1e59330969a1494
7,indexed,109,2,0.4560140000012325,50,1faf2af7fc402fba2dc10d5da80b6b9ce8fb78c66d85080ba647faf4ab4bd40e
7,indexed,110,42,0.448911000001317,50,6bbf664f5956ced144b54e947a9e954fa32d14ce436be7a190425b411b2096e2
7,indexed,111,999,0.43868400000064867,50,0647660424e2ece4a533cca8ee8f553c4afb2124209047c530b10679c8c727c8
7,indexed,112,1,0.5711890000002313,50,ec01fc577ae7a041b31129e8906d14fdc83fb07a4357c71bb1e59330969a1494
7,indexed,113,2,0.5492709999998624,50,1faf2af7fc402fba2dc10d5da80b6b9ce8fb78c66d85080ba647faf4ab4bd40e
7,indexed,114,42,0.4772980000016105,50,6bbf664f5956ced144b54e947a9e954fa32d14ce436be7a190425b411b2096e2
7,indexed,115,999,0.4450489999999263,50,0647660424e2ece4a533cca8ee8f553c4afb2124209047c530b10679c8c727c8
7,indexed,116,1,0.4343800000006013,50,ec01fc577ae7a041b31129e8906d14fdc83fb07a4357c71bb1e59330969a1494
7,indexed,117,2,0.42260300000089046,50,1faf2af7fc402fba2dc10d5da80b6b9ce8fb78c66d85080ba647faf4ab4bd40e
7,indexed,118,42,0.430449999999837,50,6bbf664f5956ced144b54e947a9e954fa32d14ce436be7a190425b411b2096e2
7,indexed,119,999,0.4502649999994901,50,0647660424e2ece4a533cca8ee8f553c4afb2124209047c530b10679c8c727c8
8,baseline,0,1,33.1936429999987,50,ec01fc577ae7a041b31129e8906d14fdc83fb07a4357c71bb1e59330969a1494
8,baseline,1,2,11.598398000000088,50,1faf2af7fc402fba2dc10d5da80b6b9ce8fb78c66d85080ba647faf4ab4bd40e
8,baseline,2,42,12.966003999999884,50,6bbf664f5956ced144b54e947a9e954fa32d14ce436be7a190425b411b2096e2
8,baseline,3,999,13.866213999999673,50,0647660424e2ece4a533cca8ee8f553c4afb2124209047c530b10679c8c727c8
8,baseline,4,1,33.92050199999903,50,ec01fc577ae7a041b31129e8906d14fdc83fb07a4357c71bb1e59330969a1494
8,baseline,5,2,13.154780999999275,50,1faf2af7fc402fba2dc10d5da80b6b9ce8fb78c66d85080ba647faf4ab4bd40e
8,baseline,6,42,12.371139000000767,50,6bbf664f5956ced144b54e947a9e954fa32d14ce436be7a190425b411b2096e2
8,baseline,7,999,15.570827999999892,50,0647660424e2ece4a533cca8ee8f553c4afb2124209047c530b10679c8c727c8
8,baseline,8,1,28.63779599999907,50,ec01fc577ae7a041b31129e8906d14fdc83fb07a4357c71bb1e59330969a1494
8,baseline,9,2,14.312149999999747,50,1faf2af7fc402fba2dc10d5da80b6b9ce8fb78c66d85080ba647faf4ab4bd40e
8,baseline,10,42,13.028856000000815,50,6bbf664f5956ced144b54e947a9e954fa32d14ce436be7a190425b411b2096e2
8,baseline,11,999,14.606178,50,0647660424e2ece4a533cca8ee8f553c4afb2124209047c530b10679c8c727c8
8,baseline,12,1,34.566209000000526,50,ec01fc577ae7a041b31129e8906d14fdc83fb07a4357c71bb1e59330969a1494
8,baseline,13,2,14.158462999999756,50,1faf2af7fc402fba2dc10d5da80b6b9ce8fb78c66d85080ba647faf4ab4bd40e
8,baseline,14,42,16.06405000000086,50,6bbf664f5956ced144b54e947a9e954fa32d14ce436be7a190425b411b2096e2
8,baseline,15,999,14.204553999999916,50,0647660424e2ece4a533cca8ee8f553c4afb2124209047c530b10679c8c727c8
8,baseline,16,1,38.98236700000052,50,ec01fc577ae7a041b31129e8906d14fdc83fb07a4357c71bb1e59330969a1494
8,baseline,17,2,14.244114000000991,50,1faf2af7fc402fba2dc10d5da80b6b9ce8fb78c66d85080ba647faf4ab4bd40e
8,baseline,18,42,16.044745999999577,50,6bbf664f5956ced144b54e947a9e954fa32d14ce436be7a190425b411b2096e2
8,baseline,19,999,19.70047700000032,50,0647660424e2ece4a533cca8ee8f553c4afb2124209047c530b10679c8c727c8
8,baseline,20,1,37.45875100000012,50,ec01fc577ae7a041b31129e8906d14fdc83fb07a4357c71bb1e59330969a1494
8,baseline,21,2,17.4167180000004,50,1faf2af7fc402fba2dc10d5da80b6b9ce8fb78c66d85080ba647faf4ab4bd40e
8,baseline,22,42,16.505542999999307,50,6bbf664f5956ced144b54e947a9e954fa32d14ce436be7a190425b411b2096e2
8,baseline,23,999,15.352767000000313,50,0647660424e2ece4a533cca8ee8f553c4afb2124209047c530b10679c8c727c8
8,baseline,24,1,39.84920299999976,50,ec01fc577ae7a041b31129e8906d14fdc83fb07a4357c71bb1e59330969a1494
8,baseline,25,2,15.819706999998743,50,1faf2af7fc402fba2dc10d5da80b6b9ce8fb78c66d85080ba647faf4ab4bd40e
8,baseline,26,42,16.30565899999965,50,6bbf664f5956ced144b54e947a9e954fa32d14ce436be7a190425b411b2096e2
8,baseline,27,999,15.21057699999983,50,0647660424e2ece4a533cca8ee8f553c4afb2124209047c530b10679c8c727c8
8,baseline,28,1,32.47842500000115,50,ec01fc577ae7a041b31129e8906d14fdc83fb07a4357c71bb1e59330969a1494
8,baseline,29,2,15.847133999999642,50,1faf2af7fc402fba2dc10d5da80b6b9ce8fb78c66d85080ba647faf4ab4bd40e
8,baseline,30,42,13.52784900000006,50,6bbf664f5956ced144b54e947a9e954fa32d14ce436be7a190425b411b2096e2
8,baseline,31,999,14.332141000000775,50,0647660424e2ece4a533cca8ee8f553c4afb2124209047c530b10679c8c727c8
8,baseline,32,1,34.881492000000435,50,ec01fc577ae7a041b31129e8906d14fdc83fb07a4357c71bb1e59330969a1494
8,baseline,33,2,14.557850000001054,50,1faf2af7fc402fba2dc10d5da80b6b9ce8fb78c66d85080ba647faf4ab4bd40e
8,baseline,34,42,14.240676999999778,50,6bbf664f5956ced144b54e947a9e954fa32d14ce436be7a190425b411b2096e2
8,baseline,35,999,14.973488999999972,50,0647660424e2ece4a533cca8ee8f553c4afb2124209047c530b10679c8c727c8
8,baseline,36,1,35.590392000000065,50,ec01fc577ae7a041b31129e8906d14fdc83fb07a4357c71bb1e59330969a1494
8,baseline,37,2,17.660604000000603,50,1faf2af7fc402fba2dc10d5da80b6b9ce8fb78c66d85080ba647faf4ab4bd40e
8,baseline,38,42,16.927965999999287,50,6bbf664f5956ced144b54e947a9e954fa32d14ce436be7a190425b411b2096e2
8,baseline,39,999,15.382595999999467,50,0647660424e2ece4a533cca8ee8f553c4afb2124209047c530b10679c8c727c8
8,baseline,40,1,33.414732999999615,50,ec01fc577ae7a041b31129e8906d14fdc83fb07a4357c71bb1e59330969a1494
8,baseline,41,2,18.019243999999162,50,1faf2af7fc402fba2dc10d5da80b6b9ce8fb78c66d85080ba647faf4ab4bd40e
8,baseline,42,42,14.620762999998988,50,6bbf664f5956ced144b54e947a9e954fa32d14ce436be7a190425b411b2096e2
8,baseline,43,999,16.5843160000004,50,0647660424e2ece4a533cca8ee8f553c4afb2124209047c530b10679c8c727c8
8,baseline,44,1,33.34388899999976,50,ec01fc577ae7a041b31129e8906d14fdc83fb07a4357c71bb1e59330969a1494
8,baseline,45,2,16.661027000000104,50,1faf2af7fc402fba2dc10d5da80b6b9ce8fb78c66d85080ba647faf4ab4bd40e
8,baseline,46,42,14.41628800000035,50,6bbf664f5956ced144b54e947a9e954fa32d14ce436be7a190425b411b2096e2
8,baseline,47,999,16.21114899999884,50,0647660424e2ece4a533cca8ee8f553c4afb2124209047c530b10679c8c727c8
8,baseline,48,1,41.06884999999966,50,ec01fc577ae7a041b31129e8906d14fdc83fb07a4357c71bb1e59330969a1494
8,baseline,49,2,16.18851899999936,50,1faf2af7fc402fba2dc10d5da80b6b9ce8fb78c66d85080ba647faf4ab4bd40e
8,baseline,50,42,16.84933599999931,50,6bbf664f5956ced144b54e947a9e954fa32d14ce436be7a190425b411b2096e2
8,baseline,51,999,16.1649499999985,50,0647660424e2ece4a533cca8ee8f553c4afb2124209047c530b10679c8c727c8
8,baseline,52,1,44.45522600000004,50,ec01fc577ae7a041b31129e8906d14fdc83fb07a4357c71bb1e59330969a1494
8,baseline,53,2,15.298319999999876,50,1faf2af7fc402fba2dc10d5da80b6b9ce8fb78c66d85080ba647faf4ab4bd40e
8,baseline,54,42,16.83993499999997,50,6bbf664f5956ced144b54e947a9e954fa32d14ce436be7a190425b411b2096e2
8,baseline,55,999,15.747425999999905,50,0647660424e2ece4a533cca8ee8f553c4afb2124209047c530b10679c8c727c8
8,baseline,56,1,46.4291919999996,50,ec01fc577ae7a041b31129e8906d14fdc83fb07a4357c71bb1e59330969a1494
8,baseline,57,2,25.803586999998515,50,1faf2af7fc402fba2dc10d5da80b6b9ce8fb78c66d85080ba647faf4ab4bd40e
8,baseline,58,42,29.375233000000662,50,6bbf664f5956ced144b54e947a9e954fa32d14ce436be7a190425b411b2096e2
8,baseline,59,999,30.050199999999677,50,0647660424e2ece4a533cca8ee8f553c4afb2124209047c530b10679c8c727c8
8,baseline,60,1,68.27606500000002,50,ec01fc577ae7a041b31129e8906d14fdc83fb07a4357c71bb1e59330969a1494
8,baseline,61,2,41.23513600000115,50,1faf2af7fc402fba2dc10d5da80b6b9ce8fb78c66d85080ba647faf4ab4bd40e
8,baseline,62,42,30.474380000001474,50,6bbf664f5956ced144b54e947a9e954fa32d14ce436be7a190425b411b2096e2
8,baseline,63,999,26.563099999999395,50,0647660424e2ece4a533cca8ee8f553c4afb2124209047c530b10679c8c727c8
8,baseline,64,1,70.75162799999998,50,ec01fc577ae7a041b31129e8906d14fdc83fb07a4357c71bb1e59330969a1494
8,baseline,65,2,22.108312000000296,50,1faf2af7fc402fba2dc10d5da80b6b9ce8fb78c66d85080ba647faf4ab4bd40e
8,baseline,66,42,24.083989000000656,50,6bbf664f5956ced144b54e947a9e954fa32d14ce436be7a190425b411b2096e2
8,baseline,67,999,24.908630000001722,50,0647660424e2ece4a533cca8ee8f553c4afb2124209047c530b10679c8c727c8
8,baseline,68,1,49.0914130000001,50,ec01fc577ae7a041b31129e8906d14fdc83fb07a4357c71bb1e59330969a1494
8,baseline,69,2,16.852435000000696,50,1faf2af7fc402fba2dc10d5da80b6b9ce8fb78c66d85080ba647faf4ab4bd40e
8,baseline,70,42,20.427233000000342,50,6bbf664f5956ced144b54e947a9e954fa32d14ce436be7a190425b411b2096e2
8,baseline,71,999,18.179834000000483,50,0647660424e2ece4a533cca8ee8f553c4afb2124209047c530b10679c8c727c8
8,baseline,72,1,46.58495199999925,50,ec01fc577ae7a041b31129e8906d14fdc83fb07a4357c71bb1e59330969a1494
8,baseline,73,2,19.244080000000395,50,1faf2af7fc402fba2dc10d5da80b6b9ce8fb78c66d85080ba647faf4ab4bd40e
8,baseline,74,42,17.34633699999904,50,6bbf664f5956ced144b54e947a9e954fa32d14ce436be7a190425b411b2096e2
8,baseline,75,999,19.396936000001006,50,0647660424e2ece4a533cca8ee8f553c4afb2124209047c530b10679c8c727c8
8,baseline,76,1,42.79022299999997,50,ec01fc577ae7a041b31129e8906d14fdc83fb07a4357c71bb1e59330969a1494
8,baseline,77,2,19.680311000000074,50,1faf2af7fc402fba2dc10d5da80b6b9ce8fb78c66d85080ba647faf4ab4bd40e
8,baseline,78,42,17.175187000000733,50,6bbf664f5956ced144b54e947a9e954fa32d14ce436be7a190425b411b2096e2
8,baseline,79,999,19.219676000000618,50,0647660424e2ece4a533cca8ee8f553c4afb2124209047c530b10679c8c727c8
8,baseline,80,1,41.52100000000064,50,ec01fc577ae7a041b31129e8906d14fdc83fb07a4357c71bb1e59330969a1494
8,baseline,81,2,21.65781600000082,50,1faf2af7fc402fba2dc10d5da80b6b9ce8fb78c66d85080ba647faf4ab4bd40e
8,baseline,82,42,17.95091599999978,50,6bbf664f5956ced144b54e947a9e954fa32d14ce436be7a190425b411b2096e2
8,baseline,83,999,19.05077700000038,50,0647660424e2ece4a533cca8ee8f553c4afb2124209047c530b10679c8c727c8
8,baseline,84,1,55.27400900000066,50,ec01fc577ae7a041b31129e8906d14fdc83fb07a4357c71bb1e59330969a1494
8,baseline,85,2,23.924450999998953,50,1faf2af7fc402fba2dc10d5da80b6b9ce8fb78c66d85080ba647faf4ab4bd40e
8,baseline,86,42,24.11753999999928,50,6bbf664f5956ced144b54e947a9e954fa32d14ce436be7a190425b411b2096e2
8,baseline,87,999,27.246531999999206,50,0647660424e2ece4a533cca8ee8f553c4afb2124209047c530b10679c8c727c8
8,baseline,88,1,81.9333630000001,50,ec01fc577ae7a041b31129e8906d14fdc83fb07a4357c71bb1e59330969a1494
8,baseline,89,2,34.61827799999992,50,1faf2af7fc402fba2dc10d5da80b6b9ce8fb78c66d85080ba647faf4ab4bd40e
8,baseline,90,42,35.94018100000176,50,6bbf664f5956ced144b54e947a9e954fa32d14ce436be7a190425b411b2096e2
8,baseline,91,999,23.71475399999872,50,0647660424e2ece4a533cca8ee8f553c4afb2124209047c530b10679c8c727c8
8,baseline,92,1,71.91072499999973,50,ec01fc577ae7a041b31129e8906d14fdc83fb07a4357c71bb1e59330969a1494
8,baseline,93,2,21.017829999998867,50,1faf2af7fc402fba2dc10d5da80b6b9ce8fb78c66d85080ba647faf4ab4bd40e
8,baseline,94,42,20.382714999999735,50,6bbf664f5956ced144b54e947a9e954fa32d14ce436be7a190425b411b2096e2
8,baseline,95,999,23.57810100000097,50,0647660424e2ece4a533cca8ee8f553c4afb2124209047c530b10679c8c727c8
8,baseline,96,1,65.14493000000039,50,ec01fc577ae7a041b31129e8906d14fdc83fb07a4357c71bb1e59330969a1494
8,baseline,97,2,32.66045199999826,50,1faf2af7fc402fba2dc10d5da80b6b9ce8fb78c66d85080ba647faf4ab4bd40e
8,baseline,98,42,23.89955000000009,50,6bbf664f5956ced144b54e947a9e954fa32d14ce436be7a190425b411b2096e2
8,baseline,99,999,23.62359699999979,50,0647660424e2ece4a533cca8ee8f553c4afb2124209047c530b10679c8c727c8
8,baseline,100,1,52.51657500000147,50,ec01fc577ae7a041b31129e8906d14fdc83fb07a4357c71bb1e59330969a1494
8,baseline,101,2,19.35233900000094,50,1faf2af7fc402fba2dc10d5da80b6b9ce8fb78c66d85080ba647faf4ab4bd40e
8,baseline,102,42,19.77223099999901,50,6bbf664f5956ced144b54e947a9e954fa32d14ce436be7a190425b411b2096e2
8,baseline,103,999,20.568207000000257,50,0647660424e2ece4a533cca8ee8f553c4afb2124209047c530b10679c8c727c8
8,baseline,104,1,52.0729080000001,50,ec01fc577ae7a041b31129e8906d14fdc83fb07a4357c71bb1e59330969a1494
8,baseline,105,2,21.72385200000099,50,1faf2af7fc402fba2dc10d5da80b6b9ce8fb78c66d85080ba647faf4ab4bd40e
8,baseline,106,42,18.83305400000063,50,6bbf664f5956ced144b54e947a9e954fa32d14ce436be7a190425b411b2096e2
8,baseline,107,999,20.55904400000145,50,0647660424e2ece4a533cca8ee8f553c4afb2124209047c530b10679c8c727c8
8,baseline,108,1,69.76510699999926,50,ec01fc577ae7a041b31129e8906d14fdc83fb07a4357c71bb1e59330969a1494
8,baseline,109,2,21.727999000000636,50,1faf2af7fc402fba2dc10d5da80b6b9ce8fb78c66d85080ba647faf4ab4bd40e
8,baseline,110,42,20.095547000000806,50,6bbf664f5956ced144b54e947a9e954fa32d14ce436be7a190425b411b2096e2
8,baseline,111,999,19.388646999999764,50,0647660424e2ece4a533cca8ee8f553c4afb2124209047c530b10679c8c727c8
8,baseline,112,1,49.76868300000024,50,ec01fc577ae7a041b31129e8906d14fdc83fb07a4357c71bb1e59330969a1494
8,baseline,113,2,20.583034999999654,50,1faf2af7fc402fba2dc10d5da80b6b9ce8fb78c66d85080ba647faf4ab4bd40e
8,baseline,114,42,20.224534999999378,50,6bbf664f5956ced144b54e947a9e954fa32d14ce436be7a190425b411b2096e2
8,baseline,115,999,22.78369499999826,50,0647660424e2ece4a533cca8ee8f553c4afb2124209047c530b10679c8c727c8
8,baseline,116,1,52.839482999999746,50,ec01fc577ae7a041b31129e8906d14fdc83fb07a4357c71bb1e59330969a1494
8,baseline,117,2,17.636544000000868,50,1faf2af7fc402fba2dc10d5da80b6b9ce8fb78c66d85080ba647faf4ab4bd40e
8,baseline,118,42,18.54738499999985,50,6bbf664f5956ced144b54e947a9e954fa32d14ce436be7a190425b411b2096e2
8,baseline,119,999,24.128428000001804,50,0647660424e2ece4a533cca8ee8f553c4afb2124209047c530b10679c8c727c8
